holder,financepy.finutils.FinAmount
specific,financepy.finutils.FinCalender.getHolidayList,financepy.finutils.FinAmount,financepy.finutils.FinDate.thirdWednesdayOfMonth,financepy.market.volatility.FinlborCapVolCurve.capVol
currency,financepy.finutils.FinAmount
self,financepy.finutils.FinAmount.amount
notional,financepy.finutils.FinAmount.amount
calendar,financepy.finutils.FinCalender.addBusinessDays,financepy.finutils.FinCalender.getHolidayList,financepy.finutils.FinCalender,financepy.finutils.FinCalender.isBusinessDay,financepy.finutils.FinDate.addTenor
base,financepy.finutils.FinMath.norminvcdf,financepy.finutils.FinMath.normcdf,financepy.market.curves.FinDiscountCurve.survProb,financepy.finutils.FinCalender,financepy.finutils.FinMath.normcdf_fast
specify,financepy.market.curves.FinDiscountCurve.survProb,financepy.market.curves.FinDiscountCurve,financepy.finutils.FinCalender.getHolidayList,financepy.market.curves.FinDiscountCurveZeros,financepy.market.curves.FinDiscountCurveNSS.zeroRate,financepy.market.curves.FinDiscountCurvePoly.zeroRate,financepy.finutils.FinCalender,financepy.market.curves.FinDiscountCurvePoly,financepy.finutils.FinCalender.isBusinessDay,financepy.market.curves.FinDiscountCurve.fwdRate,financepy.market.curves.FinDiscountCurveNS.zeroRate,financepy.market.curves.FinDiscountCurvePoly.df,financepy.market.curves.FinDiscountCurveFlat
type,financepy.finutils.FinHelperFunctions.toUsableType,financepy.finutils.FinFrequency,financepy.finutils.FinDayCount,financepy.finutils.FinMath.accruedInterpolator,financepy.finutils.FinHelperFunctions.accruedTree,financepy.finutils.FinCalender,financepy.market.curves.FinDiscountCurvePoly,financepy.finutils.FinHelperFunctions.checkArgumentTypes
adjust,financepy.finutils.FinDate.addTenor,financepy.finutils.FinCalender.adjust,financepy.market.curves.FinDiscountCurve.bump,financepy.finutils.FinDayCount.yearFrac
payment,financepy.finutils.FinCalender.adjust,financepy.finutils.FinFrequency
fall,financepy.finutils.FinMath.testRange,financepy.finutils.FinCalender.adjust,financepy.finutils.FinDate.isWeekend
holiday,financepy.finutils.FinCalender.addBusinessDays,financepy.finutils.FinCalender.getHolidayList,financepy.finutils.FinCalender.adjust,financepy.finutils.FinDate.addTenor,financepy.finutils.FinDate.addWeekDays
accord,financepy.market.volatility.FinlborCapVolCurve,financepy.finutils.FinCalender.adjust,financepy.market.curves.FinDiscountCurveNSS.zeroRate,financepy.finutils.FinMath.accruedInterpolator,financepy.market.curves.FinDiscountCurvePoly.zeroRate,financepy.finutils.FinHelperFunctions.accruedTree,financepy.finutils.FinCalender.isBusinessDay,financepy.market.curves.FinDiscountCurve.fwdRate,financepy.market.curves.FinDiscountCurveNS.zeroRate
business,financepy.finutils.FinCalender.addBusinessDays,financepy.finutils.FinCalender.adjust,financepy.market.curves.FinDiscountCurve.swapRate,financepy.finutils.FinCalender.isBusinessDay
new,financepy.finutils.FinCalender.addBusinessDays,financepy.market.curves.FinDiscountCurveFlat.bump,financepy.finutils.FinDate.addYears,financepy.finutils.FinDate.addDays,financepy.finutils.FinDate.addMonths,financepy.finutils.FinDate.addWeekDays
numdays,financepy.finutils.FinCalender.addBusinessDays,financepy.finutils.FinDate.addDays,financepy.finutils.FinDate.addWeekDays
choose,financepy.finutils.FinCalender.addBusinessDays
assume,financepy.finutils.FinCalender.addBusinessDays,financepy.market.curves.FinDiscountCurve.fwd
day,financepy.finutils.FinCalender.addBusinessDays,financepy.market.curves.FinDiscountCurveNSS.zeroRate,financepy.finutils.FinDayCount,financepy.market.curves.FinDiscountCurvePoly.zeroRate,financepy.finutils.FinDayCount.yearFrac,financepy.market.curves.FinDiscountCurveNS.zeroRate,financepy.finutils.FinDate
determines,financepy.finutils.FinCalender.isBusinessDay
true,financepy.finutils.FinDayCountisLastDayOfFeb,financepy.finutils.FinMath.isLeapYear,financepy.finutils.FinCalender.isBusinessDay,financepy.finutils.FinDate.isLeapYear,financepy.finutils.FinDate.isWeekend
otherwise,financepy.finutils.FinCalender.isBusinessDay
false,financepy.finutils.FinMath.isLeapYear,financepy.finutils.FinDate.isLeapYear,financepy.finutils.FinCalender.isBusinessDay
generates,financepy.finutils.FinCalender.getHolidayList
list,financepy.finutils.FinDate.calculateList,financepy.finutils.FinHelperFunctions.dump,financepy.finutils.FinCalender.getHolidayList,financepy.finutils.FinHelperFunctions.pv01Times,financepy.finutils.FinDate.dailyWorkingDaySchedule,financepy.finutils.FinDate.dateRange,financepy.finutils.FinDate.addYears,financepy.market.volatility.FinlborCapVolCurve,financepy.finutils.FinSchedule.scheduleDates
useful,financepy.finutils.FinCalender.getHolidayList,financepy.finutils.FinDayCount.yearFrac,financepy.market.curves.FinDiscountCurveFlat
diagnostics,financepy.finutils.FinCalender.getHolidayList
get,financepy.finutils.FinDate.daysInMonth,financepy.finutils.FinDate.calculateList,financepy.finutils.FinHelperFunctions.dump,financepy.finutils.FinDate.addYears,financepy.finutils.FinCalender.easterMonday,financepy.finutils.FinDate.addMonths
give,financepy.finutils.FinHelperFunctions.uniformToDefaultType,financepy.finutils.FinDate.daysInMonth,financepy.market.curves.FinDiscountCurveFlat.df,financepy.market.curves.FinDiscountCurve.zeroRate,financepy.finutils.FinDate.addTenor,financepy.market.curves.FinDiscountCurvePWF.df,financepy.finutils.FinCalender.easterMonday,financepy.market.curves.FinDiscountCurveRate.df,financepy.market.curves.FinDiscountCurveNSS.zeroRate,financepy.market.curves.FinDiscountCurvePoly.zeroRate,financepy.market.volatility.FinlborCapVolCurve,financepy.market.volatility.FinEquityVolCurve.volatility,financepy.market.volatility.FinFXVolSurface.volFunction,financepy.market.curves.FinDiscountCurvePWL.df,financepy.market.curves.FinDiscountCurve.fwdRate,financepy.finutils.FinDate,financepy.market.curves.FinDiscountCurveNS.df,financepy.market.curves.FinInterpolator.interpolate,financepy.market.curves.FinDiscountCurveNS.zeroRate
easter,financepy.finutils.FinCalender.easterMonday
monday,financepy.finutils.FinCalender.easterMonday
easy,financepy.finutils.FinCalender.easterMonday
compute,financepy.finutils.FinMath.norminvcdf,financepy.finutils.FinCalender.easterMonday
rely,financepy.finutils.FinCalender.easterMonday
pre,financepy.finutils.FinCalender.easterMonday
month,financepy.finutils.FinDate
argument,financepy.finutils.FinDate.nextCDSDate,financepy.finutils.FinDate
order,financepy.finutils.FinHelperFunctions.pv01Times,financepy.finutils.FinDate
year,financepy.finutils.FinDate.calculateList,financepy.finutils.FinMath.isLeapYear,financepy.finutils.FinDayCount.yearFrac,financepy.finutils.FinDate.addTenor,financepy.finutils.FinDate.isLeapYear,financepy.finutils.FinDate
must,financepy.market.volatility.FinlborCapVolCurve,financepy.market.curves.FinDiscountCurveZeros,financepy.finutils.FinDate
digit,financepy.finutils.FinDate
number,financepy.finutils.FinMath.normcdf_integrate,financepy.finutils.FinDate
great,financepy.finutils.FinMath.pairGCD,financepy.finutils.FinDate
equal,financepy.market.curves.FinDiscountCurve.bump,financepy.finutils.FinHelperFunctions.listdiff,financepy.market.volatility.FinlborCapVolCurve,financepy.market.volatility.FinFXVolSurface.solveForSmileStrike,financepy.finutils.FinMath.frange,financepy.finutils.FinDate
example,financepy.finutils.FinDate.addTenor,financepy.finutils.FinDate
input,financepy.finutils.FinHelperFunctions.timesFromDates,financepy.finutils.FinHelperFunctions.inputTime,financepy.finutils.FinMath.pairGCD,financepy.finutils.FinDate.fromDatetime,financepy.finutils.FinHelperFunctions.checkDate,financepy.finutils.FinDate
start,financepy.finutils.FinDate.calculateList,financepy.finutils.FinMath.frange,financepy.finutils.FinHelperFunctions.pv01Times,financepy.finutils.FinHelperFunctions.frange,financepy.finutils.FinDate
date,financepy.market.curves.FinDiscountCurve.df,financepy.market.volatility.FinlborCapVolCurve,financepy.finutils.FinHelperFunctions.timesFromDates,financepy.finutils.FinDate.calculateList,financepy.finutils.FinDate.nextCDSDate,financepy.market.curves.FinDiscountCurve,financepy.market.curves.FinDiscountCurveZeros,"financepy.finutils.FinDate,nextMMDate",financepy.finutils.FinHelperFunctions.pv01Times,financepy.market.curves.FinDiscountCurve.fwdRate,financepy.finutils.FinDate.dateRange,financepy.finutils.FinDate.addYears,financepy.finutils.FinDayCount.yearFrac,financepy.finutils.FinDate.addTenor,financepy.finutils.FinDate.addMonths,financepy.finutils.FinDate
findate,financepy.finutils.FinDate
weekend,financepy.finutils.FinDate.addTenor,financepy.finutils.FinDate.isWeekend,financepy.finutils.FinDate.addWeekDays
make,financepy.finutils.FinDate.addDays
possible,financepy.finutils.FinDate.addDays
backwards,financepy.finutils.FinDate.addDays
work,financepy.finutils.FinDate.dailyWorkingDaySchedule,financepy.finutils.FinMath.covar,financepy.finutils.FinDate.addWeekDays
note,financepy.market.volatility.FinlborCapVolCurve,financepy.finutils.FinMath.norminvcdf,financepy.finutils.FinDate.calculateList,financepy.finutils.FinDate.addWeekDays
take,financepy.finutils.FinDate.dateFromIndex,financepy.finutils.FinFrequency,financepy.finutils.FinDate.calculateList,financepy.finutils.FinHelperFunctions.frange,financepy.finutils.FinDate.addWeekDays
account,financepy.finutils.FinDate.calculateList,financepy.finutils.FinDate.addWeekDays
want,financepy.finutils.FinDate.addWeekDays
include,financepy.finutils.FinDate.addWeekDays
regional,financepy.finutils.FinDate.addWeekDays
use,financepy.finutils.FinHelperFunctions.dotproduct,financepy.market.curves.FinDiscountCurve.zeroRate,financepy.market.curves.FinDiscountCurvePoly.df,financepy.market.curves.FinDiscountCurve.bump,financepy.finutils.FinMath.N,financepy.market.curves.FinDiscountCurveNSS.zeroRate,financepy.market.curves.FinDiscountCurvePoly.zeroRate,financepy.market.curves.FinDiscountCurvePoly,financepy.market.volatility.FinlborCapVolCurve.generateCapletVols,financepy.market.volatility.FinFXVolSurface.obj,financepy.market.curves.FinDiscountCurvePWF,financepy.market.volatility.FinEquityVolCurve.volatility,financepy.market.volatility.FinEquityVolCurve.calculatePDF,financepy.finutils.FinDayCount.yearFrac,financepy.market.volatility.FinFXVolSurface.volFunction,financepy.finutils.FinMath.normcdf_integrate,financepy.market.curves.FinDiscountCurveFlat,financepy.finutils.FinHelperFunctions.toUsableType,financepy.finutils.FinMath.pairGCD,financepy.finutils.FinMath.accruedInterpolator,financepy.market.curves.FinInterpolator.interpolate,financepy.finutils.FinHelperFunctions.accruedTree,financepy.market.curves.FinDiscountCurveNS.zeroRate,financepy.finutils.FinDate.addWeekDays
addbusinessdays,financepy.finutils.FinDate.addWeekDays
fincalendar,financepy.finutils.FinDate.addWeekDays
class,financepy.finutils.FinHelperFunctions.dump,financepy.finutils.FinDate.addWeekDays
integer,financepy.finutils.FinDate.dateFromIndex,financepy.finutils.FinFrequency,financepy.finutils.FinMath.pairGCD,financepy.finutils.FinDate.addYears,financepy.finutils.FinDate.addMonths
float,financepy.finutils.FinHelperFunctions.inputTime,financepy.finutils.FinDate.addYears,financepy.finutils.FinDate.addMonths
back,financepy.finutils.FinDate.addYears,financepy.finutils.FinDate.addMonths
vector,financepy.finutils.FinHelperFunctions.timesFromDates,financepy.finutils.FinHelperFunctions.listdiff,financepy.market.curves.FinDiscountCurveZeros,financepy.market.curves.FinDiscountCurveNSS.zeroRate,financepy.market.curves.FinDiscountCurvePoly.zeroRate,financepy.market.curves.FinDiscountCurve.zeroRate,financepy.market.curves.FinDiscountCurveNS.zeroRate,financepy.finutils.FinDate.addMonths
cd,financepy.finutils.FinDate.nextCDSDate
supply,financepy.finutils.FinDate.nextCDSDate
next,financepy.finutils.FinDate.nextCDSDate,"financepy.finutils.FinDate,nextMMDate",financepy.finutils.FinDayCount.yearFrac
today,financepy.finutils.FinDate.nextCDSDate,financepy.market.curves.FinDiscountCurve.swapRate
return,financepy.finutils.FinDate.nextCDSDate,financepy.finutils.FinHelperFunctions.inputTime
wednesday,"financepy.finutils.FinDate,nextMMDate",financepy.finutils.FinDate.thirdWednesdayOfMonth
scan,financepy.finutils.FinDate.thirdWednesdayOfMonth
third,financepy.finutils.FinDate.thirdWednesdayOfMonth
week,financepy.finutils.FinDate.addTenor,financepy.finutils.FinDate.thirdWednesdayOfMonth
imm,"financepy.finutils.FinDate,nextMMDate"
current,financepy.finutils.FinMath.phi3,"financepy.finutils.FinDate,nextMMDate"
jun,"financepy.finutils.FinDate,nextMMDate"
march,"financepy.finutils.FinDate,nextMMDate"
sep,"financepy.finutils.FinDate,nextMMDate"
december,"financepy.finutils.FinDate,nextMMDate"
contract,"financepy.finutils.FinDate,nextMMDate"
first,financepy.market.curves.FinInterpolator.fit,financepy.market.curves.FinDiscountCurveZeros,"financepy.finutils.FinDate,nextMMDate",financepy.finutils.FinHelperFunctions.pv01Times,financepy.market.volatility.FinlborCapVolCurve,financepy.market.volatility.FinlborCapVolCurve.generateCapletVols,financepy.market.curves.FinDiscountCurve.fwdRate,financepy.finutils.FinMath.nprime
delivery,"financepy.finutils.FinDate,nextMMDate"
future,"financepy.finutils.FinDate,nextMMDate"
follow,financepy.market.volatility.FinEquityVolCurve.calculatePDF,financepy.finutils.FinDate.addTenor,financepy.market.volatility.FinFXVolSurface.volFunction
period,financepy.finutils.FinDate.addTenor,financepy.market.curves.FinDiscountCurveFlat
tenor,financepy.market.curves.FinDiscountCurve.fwdRate,financepy.finutils.FinDate.addTenor,financepy.finutils.FinDate.dateRange,financepy.market.volatility.FinlborCapVolCurve
string,financepy.finutils.FinHelperFunctions.tableToString,financepy.finutils.FinDate.addTenor,financepy.finutils.FinError,financepy.finutils.FinDate.str
consist,financepy.finutils.FinDate.addTenor
letter,financepy.finutils.FinDate.addTenor
case,financepy.finutils.FinDayCount.yearFrac,financepy.finutils.FinDate.addTenor,financepy.finutils.FinDate.calculateList,financepy.market.curves.FinDiscountCurve.survProb
independent,financepy.finutils.FinDate.addTenor
mean,financepy.finutils.FinDate.addTenor,financepy.finutils.FinStatistics.mean
do,financepy.finutils.FinDate.addTenor,financepy.market.curves.FinDiscountCurve.fwd
afterwards,financepy.finutils.FinDate.addTenor
datetime,financepy.finutils.FinDate.fromDatetime,financepy.finutils.FinDate.datetime
format,financepy.finutils.FinHelperFunctions.labelToString,financepy.finutils.FinHelperFunctions.tableToString,financepy.finutils.FinDate.str
global,financepy.finutils.FinDate.setDateFormatType,financepy.finutils.FinDate.testType
gdateformattype,financepy.finutils.FinDate.setDateFormatType,financepy.finutils.FinDate.testType
test,financepy.finutils.FinMath.covar,financepy.finutils.FinMath.isLeapYear,financepy.finutils.FinDate.isLeapYear,financepy.market.curves.FinDiscountCurveFlat
whether,financepy.finutils.FinMath.isLeapYear,financepy.finutils.FinDate.isLeapYear
leap,financepy.finutils.FinMath.isLeapYear,financepy.finutils.FinDate.isLeapYear,financepy.finutils.FinDate.calculateList
else,financepy.finutils.FinMath.isLeapYear,financepy.finutils.FinDate.isLeapYear
quick,financepy.finutils.FinDate.calculateList,financepy.market.curves.FinDiscountCurveFlat
lookup,financepy.finutils.FinDate.calculateList
since,financepy.market.curves.FinDiscountCurve,financepy.finutils.FinMath.normcdf_integrate,financepy.finutils.FinDate.calculateList
jan,financepy.finutils.FinMath.norminvcdf,financepy.finutils.FinDate.calculateList
inclusive,financepy.finutils.FinDate.dateRange,financepy.finutils.FinDate.calculateList
fact,financepy.finutils.FinDate.calculateList
excel,financepy.finutils.FinDate.calculateList
mistakenly,financepy.finutils.FinDate.calculateList
call,financepy.finutils.FinDate.calculateList
agreement,financepy.finutils.FinDate.calculateList
important,financepy.finutils.FinDate.calculateList
error,financepy.finutils.FinDate.calculateList,financepy.finutils.FinStatistics.stderr
usually,financepy.finutils.FinDate.calculateList
calculate,financepy.finutils.FinDayCount.yearFrac,financepy.market.curves.FinDiscountCurveZeros,financepy.finutils.FinHelperFunctions.pv01Times,financepy.finutils.FinDate.calculateList
difference,financepy.finutils.FinHelperFunctions.listdiff,financepy.finutils.FinDate.calculateList
feb,financepy.finutils.FinDate.calculateList
inherit,financepy.finutils.FinDate.calculateList
bug,financepy.finutils.FinDate.calculateList
lotus,financepy.finutils.FinDate.calculateList
idx,financepy.finutils.FinDate.dateIndex
gstartyear,financepy.finutils.FinDate.dateIndex
reverse,financepy.finutils.FinDate.dateFromIndex,financepy.finutils.FinHelperFunctions.pv01Times
map,financepy.finutils.FinDate.dateFromIndex,financepy.finutils.FinHelperFunctions.uniformToDefaultType
index,financepy.finutils.FinDate.dateFromIndex
care,financepy.finutils.FinDate.dateFromIndex
numba,financepy.finutils.FinDate.dateFromIndex,financepy.finutils.FinMath.cholesky,financepy.finutils.FinMath.pairGCD,financepy.finutils.FinMath.covar,financepy.finutils.FinHelperFunctions.dotproduct
weird,financepy.finutils.FinDate.dateFromIndex
rounding,financepy.finutils.FinDate.dateFromIndex
seem,financepy.finutils.FinDate.dateFromIndex,financepy.finutils.FinDayCount.yearFrac
weekday,financepy.finutils.FinDate.weekDay
daycount,financepy.finutils.FinDate.weekDay
startdate,financepy.finutils.FinDate.dailyWorkingDaySchedule,financepy.finutils.FinDate.dateRange
enddate,financepy.finutils.FinDate.dailyWorkingDaySchedule,financepy.finutils.FinDate.dateRange
replace,financepy.finutils.FinDate.dailyWorkingDaySchedule
daterange,financepy.finutils.FinDate.dailyWorkingDaySchedule
addtenor,financepy.finutils.FinDate.dailyWorkingDaySchedule
allow,financepy.market.curves.FinDiscountCurveNS.zeroRate,financepy.market.curves.FinDiscountCurveNSS.zeroRate,financepy.market.curves.FinDiscountCurvePoly.zeroRate,financepy.finutils.FinDate.dailyWorkingDaySchedule,financepy.market.volatility.FinFXVolSurface.solveForSmileStrike
findates,financepy.finutils.FinDate.datediff,financepy.finutils.FinSchedule.scheduleDates
construct,financepy.finutils.FinDate.fromDatetime
often,financepy.finutils.FinDate.fromDatetime
need,financepy.market.curves.FinDiscountCurve,financepy.finutils.FinMath.phi3,financepy.finutils.FinDate.fromDatetime,financepy.finutils.FinDayCount.yearFrac
receive,financepy.finutils.FinDate.fromDatetime
python,financepy.finutils.FinDate.fromDatetime
object,financepy.market.curves.FinDiscountCurveNS,financepy.market.curves.FinDiscountCurveNSS,financepy.market.curves.FinDiscountCurveFlat.bump,financepy.finutils.FinSchedule,financepy.finutils.FinError,financepy.finutils.FinDate.fromDatetime,financepy.market.curves.FinDiscountCurvePoly.df
pandas,financepy.finutils.FinDate.fromDatetime
dataframes,financepy.finutils.FinDate.fromDatetime
represent,financepy.finutils.FinDate.dateRange
distance,financepy.finutils.FinDate.dateRange
consecutive,financepy.finutils.FinDate.dateRange
set,financepy.market.curves.FinDiscountCurveFlat.df,financepy.market.volatility.FinEquityVolCurve.calculatePDF,financepy.market.curves.FinDiscountCurveNS.df,financepy.finutils.FinDate.dateRange,financepy.finutils.FinDayCount.yearFrac,financepy.market.curves.FinDiscountCurvePWL.df,financepy.market.volatility.FinFXVolSurface.solveForSmileStrike,financepy.market.curves.FinDiscountCurvePWF.df,financepy.market.curves.FinDiscountCurveRate.df
daily,financepy.finutils.FinDate.dateRange
pass,financepy.market.curves.FinDiscountCurveNSS,financepy.finutils.FinHelperFunctions.timesFromDates,financepy.finutils.FinError,financepy.finutils.FinDayCount,financepy.finutils.FinHelperFunctions.checkArgumentTypes
count,financepy.market.curves.FinDiscountCurveNSS.zeroRate,financepy.finutils.FinDayCount,financepy.market.curves.FinDiscountCurvePoly.zeroRate,financepy.finutils.FinDayCount.yearFrac,financepy.market.curves.FinDiscountCurveNS.zeroRate
method,financepy.finutils.FinMath.normcdf_slow,financepy.market.curves.FinDiscountCurveNSS.zeroRate,financepy.market.curves.FinDiscountCurvePoly.zeroRate,financepy.market.curves.FinInterpolator.interpolate,financepy.finutils.FinDayCount.yearFrac,financepy.market.curves.FinDiscountCurveNS.zeroRate
performs,financepy.finutils.FinDayCount.yearFrac
calculates,financepy.finutils.FinDayCount.yearFrac
fraction,financepy.finutils.FinDayCount.yearFrac
libor,financepy.finutils.FinDayCount.yearFrac,financepy.market.curves.FinDiscountCurve.swapRate
product,financepy.finutils.FinSchedule,financepy.finutils.FinHelperFunctions.dotproduct,financepy.finutils.FinDayCount.yearFrac
whose,financepy.finutils.FinDayCount.yearFrac
flow,financepy.finutils.FinDayCount.yearFrac
none,financepy.finutils.FinError.func_name,financepy.market.curves.FinInterpolator,financepy.finutils.FinDayCount.yearFrac
function,financepy.market.curves.FinDiscountCurveNSS.zeroRate,financepy.market.curves.FinDiscountCurvePoly.zeroRate,financepy.finutils.FinMath.normpdf,financepy.finutils.FinDayCount.yearFrac,financepy.market.curves.FinDiscountCurve.zeroRate,financepy.market.curves.FinDiscountCurveNS.zeroRate,financepy.finutils.FinHelperFunctions.checkArgumentTypes
bond,financepy.finutils.FinHelperFunctions.pv01Times,financepy.finutils.FinDayCount.yearFrac
accrue,financepy.finutils.FinHelperFunctions.accruedTree,financepy.finutils.FinDayCount.yearFrac,financepy.finutils.FinMath.accruedInterpolator
last,financepy.finutils.FinDayCountisLastDayOfFeb,financepy.finutils.FinHelperFunctions.pv01Times,financepy.finutils.FinDayCount.yearFrac,financepy.market.volatility.FinlborCapVolCurve.capVol
coupon,financepy.finutils.FinHelperFunctions.pv01Times,financepy.finutils.FinDayCount.yearFrac
settlement,financepy.finutils.FinDayCount.yearFrac
also,financepy.finutils.FinDayCount.yearFrac
provide,financepy.market.curves.FinDiscountCurveNS,financepy.market.curves.FinInterpolator.interpolate,financepy.market.curves.FinDiscountCurve.fwd,financepy.finutils.FinDayCount.yearFrac,financepy.market.volatility.FinlborCapVolCurve
convention,financepy.market.curves.FinDiscountCurve,financepy.finutils.FinHelperFunctions.accruedTree,financepy.finutils.FinDayCount.yearFrac,financepy.finutils.FinMath.accruedInterpolator
like,financepy.finutils.FinHelperFunctions.tableToString,financepy.finutils.FinDayCount.yearFrac
source,financepy.finutils.FinDayCount.yearFrac
http,financepy.finutils.FinMath.norminvcdf,financepy.finutils.FinDayCount.yearFrac
www,financepy.finutils.FinDayCount.yearFrac
eclipsesoftware,financepy.finutils.FinDayCount.yearFrac
biz,financepy.finutils.FinDayCount.yearFrac
daycountconventions,financepy.finutils.FinDayCount.yearFrac
html,financepy.finutils.FinDayCount.yearFrac
wikipedia,financepy.finutils.FinDayCount.yearFrac
decent,financepy.finutils.FinDayCount.yearFrac
survey,financepy.finutils.FinDayCount.yearFrac
https,financepy.finutils.FinDayCount.yearFrac
org,financepy.finutils.FinDayCount.yearFrac
wiki,financepy.finutils.FinDayCount.yearFrac
data,financepy.finutils.FinDayCount.yearFrac
cbonds,financepy.finutils.FinDayCount.yearFrac
info,financepy.finutils.FinDayCount.yearFrac
file,financepy.finutils.FinDayCount.yearFrac
cbondscalc,financepy.finutils.FinDayCount.yearFrac
calculator,financepy.finutils.FinDayCount.yearFrac
pdf,financepy.finutils.FinMath.nprime,financepy.finutils.FinDayCount.yearFrac
february,financepy.finutils.FinDayCountisLastDayOfFeb
finerror,financepy.finutils.FinError
message,financepy.finutils.FinError
traceback,financepy.finutils.FinError.func_name
extract,financepy.finutils.FinError.func_name
stack,financepy.finutils.FinError.func_name
print,financepy.finutils.FinError.suppressErrors,financepy.finutils.FinHelperFunctions.printTree
sys,financepy.finutils.FinError.suppressErrors
tracebacklimit,financepy.finutils.FinError.suppressErrors
occurs,financepy.finutils.FinFrequency
helper,financepy.finutils.FinHelperFunctions
convert,financepy.finutils.FinHelperFunctions.betaVectorToCorrMatrix,financepy.finutils.FinHelperFunctions.timesFromDates,financepy.finutils.FinHelperFunctions.toUsableType,financepy.finutils.FinHelperFunctions.inputTime
one,financepy.finutils.FinHelperFunctions.timesFromDates,financepy.finutils.FinMath.normcdf,financepy.finutils.FinHelperFunctions.dump,financepy.market.curves.FinInterpolator.interpolate,financepy.market.curves.FinDiscountCurve.fwd,financepy.finutils.FinHelperFunctions.betaVectorToCorrMatrix
factor,financepy.market.curves.FinDiscountCurveFlat.df,financepy.market.curves.FinDiscountCurve,financepy.market.curves.FinDiscountCurveZeros,financepy.market.curves.FinDiscountCurveNS.df,financepy.market.curves.FinInterpolator.interpolate,financepy.market.curves.FinDiscountCurvePWL.df,financepy.finutils.FinHelperFunctions.betaVectorToCorrMatrix,financepy.market.curves.FinDiscountCurvePWF.df,financepy.market.curves.FinDiscountCurveRate.df
weight,financepy.finutils.FinHelperFunctions.normaliseWeights,financepy.finutils.FinHelperFunctions.betaVectorToCorrMatrix
square,financepy.finutils.FinHelperFunctions.betaVectorToCorrMatrix
correlation,financepy.finutils.FinHelperFunctions.betaVectorToCorrMatrix,financepy.finutils.FinMath.corrMatrixGenerator,financepy.finutils.FinStatistics.correlation
matrix,financepy.finutils.FinHelperFunctions.betaVectorToCorrMatrix,financepy.finutils.FinMath.corrMatrixGenerator
style,financepy.finutils.FinHelperFunctions.pv01Times
remain,financepy.finutils.FinHelperFunctions.pv01Times
maturity,financepy.market.curves.FinDiscountCurve.swapRate,financepy.finutils.FinHelperFunctions.pv01Times,financepy.market.volatility.FinlborCapVolCurve,financepy.market.curves.FinDiscountCurvePoly.df,financepy.market.volatility.FinlborCapVolCurve.capVol
time,financepy.finutils.FinHelperFunctions.timesFromDates,financepy.market.curves.FinDiscountCurve,financepy.finutils.FinHelperFunctions.pv01Times,financepy.market.curves.FinInterpolator.interpolate,financepy.market.curves.FinDiscountCurve.fwd
end,financepy.finutils.FinHelperFunctions.pv01Times,financepy.finutils.FinMath.frange
valuation,financepy.market.curves.FinDiscountCurveNSS,financepy.finutils.FinHelperFunctions.timesFromDates
whole,financepy.finutils.FinHelperFunctions.timesFromDates
output,financepy.finutils.FinHelperFunctions.timesFromDates
always,financepy.finutils.FinHelperFunctions.timesFromDates
numpy,financepy.finutils.FinHelperFunctions.timesFromDates,financepy.finutils.FinMath.cholesky,financepy.finutils.FinHelperFunctions.inputTime,financepy.finutils.FinMath.covar,financepy.finutils.FinMath.maxaxis,financepy.market.curves.FinDiscountCurveNSS.zeroRate,financepy.finutils.FinMath.minaxis,financepy.market.curves.FinDiscountCurvePoly.zeroRate,financepy.market.curves.FinDiscountCurve.zeroRate,financepy.market.curves.FinDiscountCurveNS.zeroRate
element,financepy.finutils.FinMath.scale,financepy.finutils.FinMath.maximum,financepy.finutils.FinHelperFunctions.timesFromDates
compare,financepy.finutils.FinHelperFunctions.checkVectorDifferences,financepy.finutils.FinMath.pairGCD
elementwise,financepy.finutils.FinHelperFunctions.checkVectorDifferences
see,financepy.finutils.FinHelperFunctions.checkVectorDifferences,financepy.finutils.FinMath.pairGCD
different,financepy.finutils.FinHelperFunctions.checkVectorDifferences,financepy.market.curves.FinDiscountCurveNSS
tolerance,financepy.finutils.FinHelperFunctions.checkVectorDifferences
check,financepy.finutils.FinMath.testRange,financepy.finutils.FinMath.covar,financepy.market.volatility.FinFXVolSurface.checkCalibration,financepy.finutils.FinHelperFunctions.checkDate,financepy.finutils.FinMath.testMonocity,financepy.finutils.FinMath.normcdf_integrate,financepy.finutils.FinHelperFunctions.checkArgumentTypes
attribute,financepy.finutils.FinHelperFunctions.dump
build,financepy.finutils.FinHelperFunctions.dump,financepy.market.volatility.FinFXVolSurface.buildVolSurface
binomial,financepy.finutils.FinHelperFunctions.printTree
trinonial,financepy.finutils.FinHelperFunctions.printTree
tree,financepy.finutils.FinHelperFunctions.printTree
screen,financepy.finutils.FinHelperFunctions.printTree
purpose,financepy.finutils.FinHelperFunctions.printTree
debug,financepy.finutils.FinHelperFunctions.printTree
validates,financepy.finutils.FinHelperFunctions.inputTime
relation,financepy.finutils.FinHelperFunctions.inputTime
long,financepy.finutils.FinHelperFunctions.inputTime
positive,financepy.finutils.FinHelperFunctions.inputTime
array,financepy.finutils.FinHelperFunctions.inputTime,financepy.finutils.FinMath.maximum,financepy.finutils.FinMath.covar
size,financepy.market.curves.FinDiscountCurve.bump,financepy.finutils.FinHelperFunctions.listdiff,financepy.finutils.FinMath.frange
fast,financepy.finutils.FinHelperFunctions.uniformToDefaultType,financepy.finutils.FinMath.normcdf,financepy.finutils.FinMath.N,financepy.finutils.FinMath.accruedInterpolator,financepy.finutils.FinHelperFunctions.dotproduct,financepy.market.curves.FinInterpolator.interpolate,financepy.finutils.FinHelperFunctions.accruedTree,financepy.finutils.FinMath.normcdf_fast,financepy.finutils.FinHelperFunctions.frange
calculation,financepy.finutils.FinMath.normcdf_slow,financepy.market.curves.FinDiscountCurve,financepy.market.curves.FinDiscountCurveNSS.zeroRate,financepy.market.curves.FinDiscountCurvePoly.zeroRate,financepy.finutils.FinHelperFunctions.dotproduct,financepy.market.curves.FinDiscountCurve.zeroRate,financepy.market.curves.FinDiscountCurveNS.zeroRate,financepy.finutils.FinMath.normcdf_integrate
dot,financepy.finutils.FinHelperFunctions.dotproduct
range,financepy.finutils.FinMath.phi3,financepy.finutils.FinHelperFunctions.frange,financepy.finutils.FinMath.frange
stop,financepy.finutils.FinHelperFunctions.frange,financepy.finutils.FinMath.frange
value,financepy.market.curves.FinDiscountCurveNSS,financepy.finutils.FinMath.frange,financepy.finutils.FinHelperFunctions.frange,financepy.finutils.FinHelperFunctions.checkArgumentTypes
step,financepy.finutils.FinMath.phi3,financepy.finutils.FinMath.normcdf_integrate,financepy.finutils.FinHelperFunctions.frange,financepy.finutils.FinMath.frange
normalise,financepy.finutils.FinHelperFunctions.normaliseWeights
sum,financepy.finutils.FinHelperFunctions.normaliseWeights
label,financepy.finutils.FinHelperFunctions.labelToString
pair,financepy.finutils.FinHelperFunctions.labelToString
unify,financepy.finutils.FinHelperFunctions.labelToString
table,financepy.finutils.FinHelperFunctions.tableToString
isinstance,financepy.finutils.FinHelperFunctions.toUsableType
uniform,financepy.finutils.FinHelperFunctions.uniformToDefaultType
random,financepy.finutils.FinHelperFunctions.uniformToDefaultType
variable,financepy.finutils.FinHelperFunctions.uniformToDefaultType,financepy.finutils.FinMath.normcdf
survival,financepy.finutils.FinHelperFunctions.uniformToDefaultType,financepy.market.curves.FinDiscountCurve.survProb
probability,financepy.finutils.FinHelperFunctions.uniformToDefaultType,financepy.market.curves.FinDiscountCurve.survProb,financepy.market.volatility.FinEquityVolCurve.calculatePDF,financepy.finutils.FinMath.normpdf
calulation,financepy.finutils.FinHelperFunctions.accruedTree,financepy.finutils.FinMath.accruedInterpolator
interest,financepy.market.curves.FinDiscountCurve.bump,financepy.finutils.FinHelperFunctions.accruedTree,financepy.finutils.FinMath.accruedInterpolator
actual,financepy.market.curves.FinDiscountCurve.fwdRate,financepy.finutils.FinHelperFunctions.accruedTree,financepy.finutils.FinMath.accruedInterpolator
annotation,financepy.finutils.FinHelperFunctions.checkArgumentTypes
annotate,financepy.finutils.FinHelperFunctions.checkArgumentTypes
finschedule,financepy.finutils.FinSchedule
sequence,financepy.finutils.FinSchedule
line,financepy.finutils.FinSchedule
market,financepy.finutils.FinSchedule
fix,financepy.finutils.FinSchedule
income,financepy.finutils.FinSchedule
schedule,financepy.finutils.FinSchedule.scheduleDates
arithmetic,financepy.finutils.FinStatistics.mean
standard,financepy.finutils.FinStatistics.stdev,financepy.finutils.FinStatistics.stderr
deviation,financepy.finutils.FinStatistics.stdev
estimate,financepy.finutils.FinStatistics.stderr
variance,financepy.finutils.FinStatistics.var
moment,financepy.finutils.FinStatistics.moment
series,financepy.finutils.FinStatistics.correlation
scale,financepy.finutils.FinMath.scale
double,financepy.finutils.FinMath.testMonocity
monotonic,financepy.finutils.FinMath.testMonocity
strictly,financepy.market.curves.FinDiscountCurvePoly.zeroRate,financepy.market.curves.FinDiscountCurveNS.zeroRate,financepy.finutils.FinMath.testMonocity,financepy.market.curves.FinDiscountCurveNSS.zeroRate
increase,financepy.market.curves.FinDiscountCurvePWL,financepy.finutils.FinMath.testMonocity
low,financepy.finutils.FinMath.testRange
upper,financepy.finutils.FinMath.phi3,financepy.finutils.FinMath.testRange
bound,financepy.finutils.FinMath.testRange
determine,financepy.finutils.FinMath.pairGCD,financepy.finutils.FinMath.maximum
maximum,financepy.finutils.FinMath.maximum,financepy.finutils.FinMath.maxaxis
correspond,financepy.finutils.FinMath.maximum,financepy.market.curves.FinDiscountCurveFlat
equally,financepy.finutils.FinMath.maximum
length,financepy.market.curves.FinDiscountCurveZeros,financepy.finutils.FinMath.maximum
perform,financepy.finutils.FinMath.minaxis,financepy.finutils.FinMath.phi3,financepy.finutils.FinMath.maxaxis
search,financepy.finutils.FinMath.minaxis,financepy.finutils.FinMath.maxaxis
axis,financepy.finutils.FinMath.minaxis,financepy.finutils.FinMath.maxaxis
minimum,financepy.finutils.FinMath.minaxis
covariance,financepy.finutils.FinMath.covar
todo,financepy.finutils.FinMath.pairGCD,financepy.finutils.FinMath.covar
well,financepy.finutils.FinMath.covar
add,financepy.market.curves.FinDiscountCurve.fwdRate,financepy.finutils.FinMath.covar
signature,financepy.finutils.FinMath.covar
code,financepy.finutils.FinMath.covar,financepy.market.volatility.FinlborCapVolCurve
timing,financepy.finutils.FinMath.covar
common,financepy.finutils.FinMath.pairGCD
divisor,financepy.finutils.FinMath.pairGCD
euclid,financepy.finutils.FinMath.pairGCD
algorithm,financepy.finutils.FinMath.pairGCD,financepy.finutils.FinMath.norminvcdf
math,financepy.finutils.FinMath.pairGCD,financepy.finutils.FinMath.normcdf_slow
gcd,financepy.finutils.FinMath.pairGCD
speed,financepy.finutils.FinMath.pairGCD
examine,financepy.finutils.FinMath.pairGCD
declare,financepy.finutils.FinMath.pairGCD
derivative,financepy.market.curves.FinInterpolator.fit,financepy.finutils.FinMath.nprime
cumulative,financepy.finutils.FinMath.nprime
normal,financepy.finutils.FinMath.normcdf_slow,financepy.finutils.FinMath.phi3,financepy.finutils.FinMath.norminvcdf,financepy.finutils.FinMath.normcdf,financepy.finutils.FinMath.phi2,financepy.finutils.FinMath.N,financepy.finutils.FinMath.normpdf,financepy.finutils.FinMath.normcdf_integrate,financepy.finutils.FinMath.normcdf_fast,financepy.finutils.FinMath.nprime
cdf,financepy.finutils.FinMath.normcdf_slow,financepy.finutils.FinMath.phi3,financepy.finutils.FinMath.norminvcdf,financepy.finutils.FinMath.normcdf,financepy.finutils.FinMath.N,financepy.finutils.FinMath.normcdf_integrate,financepy.finutils.FinMath.normcdf_fast,financepy.finutils.FinMath.nprime
simply,financepy.finutils.FinMath.nprime,financepy.market.curves.FinDiscountCurveFlat
distribution,financepy.finutils.FinMath.normcdf_slow,financepy.finutils.FinMath.normcdf_integrate,financepy.finutils.FinMath.nprime
heaviside,financepy.finutils.FinMath.heaviside
soon,financepy.finutils.FinMath.frange
exceed,financepy.finutils.FinMath.frange
density,financepy.finutils.FinMath.normpdf,financepy.market.volatility.FinEquityVolCurve.calculatePDF
gaussian,financepy.finutils.FinMath.normpdf
xxx,financepy.finutils.FinMath.normcdf_fast
simple,financepy.finutils.FinMath.normcdf_integrate
integration,financepy.finutils.FinMath.phi3,financepy.finutils.FinMath.normcdf_slow,financepy.finutils.FinMath.normcdf_integrate,financepy.finutils.FinMath.normcdf
become,financepy.finutils.FinMath.normcdf_integrate
exact,financepy.finutils.FinMath.normcdf_integrate
limit,financepy.finutils.FinMath.phi3,financepy.finutils.FinMath.normcdf_integrate
tend,financepy.finutils.FinMath.normcdf_integrate
towards,financepy.finutils.FinMath.normcdf_integrate
infinity,financepy.finutils.FinMath.normcdf_integrate
slow,financepy.finutils.FinMath.normcdf_slow,financepy.finutils.FinMath.normcdf_integrate,financepy.finutils.FinMath.normcdf
currently,financepy.finutils.FinMath.N,financepy.finutils.FinMath.normcdf_integrate
hardcoded,financepy.finutils.FinMath.N,financepy.finutils.FinMath.normcdf_integrate
accurate,financepy.finutils.FinMath.normcdf_slow
faster,financepy.finutils.FinMath.normcdf_slow
approximation,financepy.finutils.FinMath.normcdf_slow,financepy.finutils.FinMath.normcdf
reference,financepy.finutils.FinMath.normcdf_slow
schonfelder,financepy.finutils.FinMath.normcdf_slow
comp,financepy.finutils.FinMath.normcdf_slow
fork,financepy.finutils.FinMath.normcdf
three,financepy.finutils.FinMath.normcdf
implement,financepy.finutils.FinMath.N,financepy.finutils.FinMath.normcdf
choice,financepy.finutils.FinMath.normcdf
flag,financepy.finutils.FinMath.normcdf
routine,financepy.finutils.FinMath.N,financepy.finutils.FinMath.normcdf
even,financepy.finutils.FinMath.normcdf
scheme,financepy.market.curves.FinDiscountCurve,financepy.market.curves.FinDiscountCurveZeros,financepy.finutils.FinMath.normcdf,financepy.market.curves.FinDiscountCurveFlat
shortcut,financepy.finutils.FinMath.N
widely,financepy.finutils.FinMath.N
way,financepy.finutils.FinMath.N
access,financepy.finutils.FinMath.N
bivariate,financepy.finutils.FinMath.phi3
us,financepy.finutils.FinMath.phi3
innermost,financepy.finutils.FinMath.phi3
integral,financepy.finutils.FinMath.phi3
may,financepy.finutils.FinMath.phi3
refinement,financepy.finutils.FinMath.phi3
ensure,financepy.finutils.FinMath.phi3
optimal,financepy.finutils.FinMath.phi3
excessive,financepy.finutils.FinMath.phi3
inverse,financepy.finutils.FinMath.norminvcdf
find,financepy.finutils.FinMath.norminvcdf
home,financepy.finutils.FinMath.norminvcdf
online,financepy.finutils.FinMath.norminvcdf
pjacklam,financepy.finutils.FinMath.norminvcdf
invnorm,financepy.finutils.FinMath.norminvcdf
john,financepy.finutils.FinMath.norminvcdf
herrero,financepy.finutils.FinMath.norminvcdf
phi,financepy.finutils.FinMath.M
drezner,financepy.finutils.FinMath.phi2
wesolowsky,financepy.finutils.FinMath.phi2
implementation,financepy.finutils.FinMath.phi2
variate,financepy.finutils.FinMath.phi2
compliant,financepy.finutils.FinMath.cholesky
wrapper,financepy.finutils.FinMath.cholesky
around,financepy.finutils.FinMath.cholesky
cholesky,financepy.finutils.FinMath.cholesky
utility,financepy.finutils.FinMath.corrMatrixGenerator
generate,financepy.finutils.FinMath.corrMatrixGenerator
full,financepy.finutils.FinMath.corrMatrixGenerator
rank,financepy.finutils.FinMath.corrMatrixGenerator
flat,financepy.finutils.FinMath.corrMatrixGenerator,financepy.market.volatility.FinlborCapVolCurve.capVol,financepy.market.curves.FinDiscountCurvePWF,financepy.market.curves.FinDiscountCurveFlat
structure,financepy.finutils.FinMath.corrMatrixGenerator
rho,financepy.finutils.FinMath.corrMatrixGenerator
discount,financepy.market.curves.FinDiscountCurveFlat.df,financepy.market.curves.FinDiscountCurve,financepy.market.curves.FinDiscountCurveZeros,financepy.market.curves.FinDiscountCurveNS.df,financepy.market.curves.FinInterpolator.interpolate,financepy.market.curves.FinDiscountCurvePWL.df,financepy.market.curves.FinDiscountCurvePWF.df,financepy.market.curves.FinDiscountCurveRate.df
anchor,financepy.market.curves.FinDiscountCurve,financepy.market.curves.FinDiscountCurveZeros
interpolation,financepy.market.volatility.FinEquityVolCurve.volatility,financepy.market.volatility.FinlborCapVolCurve.capVol,financepy.market.curves.FinDiscountCurve,financepy.market.curves.FinDiscountCurveZeros,financepy.market.curves.FinInterpolator.interpolate,financepy.market.volatility.FinFXVolSurface.volFunction,financepy.market.curves.FinDiscountCurveFlat
explicity,financepy.market.curves.FinDiscountCurve
link,financepy.market.curves.FinDiscountCurve
compound,financepy.market.curves.FinDiscountCurveNS,financepy.market.curves.FinDiscountCurveNSS,financepy.market.curves.FinDiscountCurveFlat.df,financepy.market.curves.FinDiscountCurve.zeroRate,financepy.market.curves.FinDiscountCurvePWF.df,financepy.market.curves.FinDiscountCurvePoly.df,financepy.market.curves.FinDiscountCurveRate.df,financepy.market.curves.FinDiscountCurve.bump,financepy.market.curves.FinDiscountCurve.survProb,financepy.market.curves.FinDiscountCurveNSS.zeroRate,financepy.market.curves.FinDiscountCurvePoly.zeroRate,financepy.market.curves.FinDiscountCurvePoly,financepy.market.curves.FinDiscountCurveZeros,financepy.market.curves.FinDiscountCurve.fwd,financepy.market.curves.FinDiscountCurvePWL.df,financepy.market.curves.FinDiscountCurveFlat,financepy.market.curves.FinDiscountCurve,financepy.market.curves.FinDiscountCurveNS.df,financepy.market.curves.FinDiscountCurveNS.zeroRate
pure,financepy.market.curves.FinDiscountCurve
price,financepy.market.curves.FinDiscountCurve,financepy.market.curves.FinDiscountCurve.swapRate
however,financepy.market.curves.FinDiscountCurve
interpolate,financepy.market.curves.FinDiscountCurve
zero,financepy.market.curves.FinInterpolator.fit,financepy.market.curves.FinDiscountCurveZeros,financepy.market.curves.FinDiscountCurveNSS.zeroRate,financepy.market.curves.FinDiscountCurvePoly.zeroRate,financepy.market.curves.FinDiscountCurve.zeroRate,financepy.market.curves.FinDiscountCurveNS.zeroRate,financepy.market.curves.FinDiscountCurvePWF
rate,financepy.market.curves.FinDiscountCurve.bump,financepy.market.curves.FinDiscountCurve.survProb,financepy.market.curves.FinDiscountCurve.swapRate,financepy.market.curves.FinDiscountCurveZeros,financepy.market.curves.FinDiscountCurveNSS.zeroRate,financepy.market.curves.FinDiscountCurvePoly.zeroRate,financepy.market.curves.FinDiscountCurve.zeroRate,financepy.market.curves.FinDiscountCurveNS.zeroRate,financepy.market.curves.FinDiscountCurvePWF,financepy.market.curves.FinDiscountCurveFlat
frequency,financepy.market.curves.FinDiscountCurve.zeroRate,financepy.market.curves.FinDiscountCurveNS.zeroRate,financepy.market.curves.FinDiscountCurveNSS.zeroRate,financepy.market.curves.FinDiscountCurvePoly.zeroRate
continuously,financepy.market.curves.FinDiscountCurve.bump,financepy.market.curves.FinDiscountCurve.survProb,financepy.market.curves.FinDiscountCurveNSS.zeroRate,financepy.market.curves.FinDiscountCurvePoly.zeroRate,financepy.market.curves.FinDiscountCurve.fwd,financepy.market.curves.FinDiscountCurve.zeroRate,financepy.market.curves.FinDiscountCurveNS.zeroRate
swap,financepy.market.curves.FinDiscountCurve.swapRate
pay,financepy.market.curves.FinDiscountCurve.swapRate
par,financepy.market.curves.FinDiscountCurve.swapRate
except,financepy.market.curves.FinDiscountCurve.swapRate
adjustment,financepy.market.curves.FinDiscountCurve.swapRate
assumption,financepy.market.curves.FinDiscountCurve.survProb
hazard,financepy.market.curves.FinDiscountCurve.survProb
directly,financepy.market.curves.FinDiscountCurve.survProb
analagous,financepy.market.curves.FinDiscountCurve.survProb
forward,financepy.market.curves.FinDiscountCurve.fwdRate,financepy.market.curves.FinDiscountCurve.bump,financepy.market.curves.FinDiscountCurve.fwd
perturbing,financepy.market.curves.FinDiscountCurve.fwd
measure,financepy.market.curves.FinDiscountCurve.fwd,financepy.market.curves.FinDiscountCurveFlat
change,financepy.market.curves.FinDiscountCurve.fwd
log,financepy.market.curves.FinDiscountCurve.fwd
divide,financepy.market.curves.FinDiscountCurve.fwd
increment,financepy.market.curves.FinDiscountCurve.fwd
continuous,financepy.market.curves.FinDiscountCurveNSS,financepy.market.curves.FinDiscountCurveNS,financepy.market.curves.FinDiscountCurveFlat.df,financepy.market.curves.FinDiscountCurveNS.df,financepy.market.curves.FinDiscountCurve.fwd,financepy.market.curves.FinDiscountCurvePWL.df,financepy.market.curves.FinDiscountCurvePWF.df,financepy.market.curves.FinDiscountCurveRate.df
perturbation,financepy.market.curves.FinDiscountCurve.bump
upward,financepy.market.curves.FinDiscountCurve.bump
bump,financepy.market.curves.FinDiscountCurveFlat.bump,financepy.market.curves.FinDiscountCurve.bump
objet,financepy.market.curves.FinDiscountCurve.bump
curve,financepy.market.curves.FinDiscountCurve.bump,financepy.market.curves.FinDiscountCurveZeros,financepy.market.curves.FinDiscountCurvePoly,financepy.market.volatility.FinlborCapVolCurve,financepy.market.curves.FinDiscountCurveFlat
risk,financepy.market.curves.FinDiscountCurve.bump
second,financepy.market.curves.FinInterpolator.fit,financepy.market.curves.FinDiscountCurve.fwdRate
require,financepy.market.curves.FinDiscountCurveFlat
enter,financepy.market.curves.FinDiscountCurveFlat
findiscountcurveflat,financepy.market.curves.FinDiscountCurveFlat.bump
entire,financepy.market.curves.FinDiscountCurveFlat.bump
bumpsize,financepy.market.curves.FinDiscountCurveFlat.bump
parameter,financepy.market.curves.FinDiscountCurveNS,financepy.market.curves.FinDiscountCurveFlat.bump
preserve,financepy.market.curves.FinDiscountCurveFlat.bump
depend,financepy.market.curves.FinDiscountCurveFlat.df,financepy.market.curves.FinDiscountCurveNS.df,financepy.market.curves.FinDiscountCurvePWL.df,financepy.market.curves.FinDiscountCurvePWF.df,financepy.market.curves.FinDiscountCurveRate.df
turn,financepy.market.curves.FinDiscountCurveFlat.df,financepy.market.curves.FinDiscountCurveNS.df,financepy.market.curves.FinDiscountCurvePWL.df,financepy.market.curves.FinDiscountCurvePWF.df,financepy.market.curves.FinDiscountCurveRate.df
construction,financepy.market.curves.FinDiscountCurveFlat.df,financepy.market.curves.FinDiscountCurveNS.df,financepy.market.curves.FinDiscountCurvePWL.df,financepy.market.curves.FinDiscountCurvePWF.df,financepy.market.curves.FinDiscountCurveRate.df
act,financepy.market.curves.FinDiscountCurveFlat.df,financepy.market.curves.FinDiscountCurveNSS.zeroRate,financepy.market.curves.FinDiscountCurvePoly.zeroRate,financepy.market.curves.FinDiscountCurveNS.df,financepy.market.curves.FinDiscountCurvePWL.df,financepy.market.curves.FinDiscountCurveNS.zeroRate,financepy.market.curves.FinDiscountCurvePWF.df,financepy.market.curves.FinDiscountCurveRate.df
isda,financepy.market.curves.FinDiscountCurveFlat.df,financepy.market.curves.FinDiscountCurveNS.df,financepy.market.curves.FinDiscountCurvePWL.df,financepy.market.curves.FinDiscountCurvePWF.df,financepy.market.curves.FinDiscountCurveRate.df
creation,financepy.market.curves.FinDiscountCurveNS
findiscountcurvens,financepy.market.curves.FinDiscountCurveNS
individually,financepy.market.curves.FinDiscountCurveNS
beta,financepy.market.curves.FinDiscountCurveNS,financepy.market.curves.FinDiscountCurveNSS
tau,financepy.market.curves.FinDiscountCurveNS,financepy.market.curves.FinDiscountCurveNSS
produce,financepy.market.curves.FinDiscountCurveNS,financepy.market.curves.FinDiscountCurveNSS
parametrisation,financepy.market.curves.FinDiscountCurveNSS,financepy.market.curves.FinDiscountCurveNS,financepy.market.curves.FinDiscountCurveNSS.zeroRate,financepy.market.curves.FinDiscountCurvePoly.zeroRate,financepy.market.curves.FinDiscountCurveNS.zeroRate
implicit,financepy.market.curves.FinDiscountCurveNS,financepy.market.curves.FinDiscountCurveNSS
overridden,financepy.market.curves.FinDiscountCurveNS
override,financepy.market.curves.FinDiscountCurveNS.zeroRate,financepy.market.curves.FinDiscountCurveNSS.zeroRate,financepy.market.curves.FinDiscountCurvePoly.zeroRate
findiscountcurve,financepy.market.curves.FinDiscountCurveNS.zeroRate,financepy.market.curves.FinDiscountCurveNSS.zeroRate,financepy.market.curves.FinDiscountCurvePoly.zeroRate
term,financepy.market.curves.FinDiscountCurveNS.zeroRate,financepy.market.curves.FinDiscountCurveNSS.zeroRate,financepy.market.curves.FinDiscountCurvePoly.zeroRate
findiscountcurvenss,financepy.market.curves.FinDiscountCurveNSS
plus,financepy.market.curves.FinDiscountCurveNSS
overriden,financepy.market.curves.FinDiscountCurveNSS
nss,financepy.market.curves.FinDiscountCurveNSS.zeroRate
parametrised,financepy.market.curves.FinDiscountCurvePoly
cubic,financepy.market.curves.FinDiscountCurvePoly
coefficient,financepy.market.curves.FinDiscountCurvePoly
polynomial,financepy.market.volatility.FinEquityVolCurve.volatility,financepy.market.volatility.FinFXVolSurface.volFunction,financepy.market.curves.FinDiscountCurvePoly.zeroRate
fwd,financepy.market.curves.FinDiscountCurvePoly.df
inputs,financepy.market.curves.FinDiscountCurvePoly.df
internally,financepy.market.curves.FinDiscountCurvePoly.df
discouraged,financepy.market.curves.FinDiscountCurvePoly.df
external,financepy.market.curves.FinDiscountCurvePoly.df
constructor,financepy.market.curves.FinDiscountCurvePoly.df
creates,financepy.market.curves.FinDiscountCurvePWF
assumes,financepy.market.curves.FinDiscountCurvePWF
piecewise,financepy.market.curves.FinDiscountCurvePWF,financepy.market.volatility.FinlborCapVolCurve.capVol
define,financepy.market.curves.FinDiscountCurvePWL
another,financepy.market.curves.FinDiscountCurveZeros
corresponding,financepy.market.curves.FinDiscountCurveZeros
finally,financepy.market.curves.FinDiscountCurveZeros
grid,financepy.market.curves.FinDiscountCurveZeros
leave,financepy.market.curves.FinInterpolator.fit
right,financepy.market.curves.FinInterpolator.fit
clamp,financepy.market.curves.FinInterpolator.fit
enum,financepy.market.curves.FinInterpolator.interpolate
fininterptypes,financepy.market.curves.FinInterpolator.interpolate
vectorised,financepy.market.curves.FinInterpolator.interpolate
finance,financepy.market.volatility.FinlborCapVolCurveFn,financepy.market.volatility.FinFXVolSurface,financepy.market.volatility.FinEquityVolCurve
equity,financepy.market.volatility.FinEquityVolCurve
volume,financepy.market.volatility.FinlborCapVolCurveFn,financepy.market.volatility.FinFXVolSurface,financepy.market.volatility.FinFXVolSurface.plotVolCurves,financepy.market.volatility.FinFXVolSurface.buildVolSurface,financepy.market.volatility.FinEquityVolCurve
volatility,financepy.market.volatility.FinlborCapVolCurve.capletVol,financepy.market.volatility.FinEquityVolCurve.volatility,financepy.market.volatility.FinEquityVolCurve.calculatePDF,financepy.market.volatility.FinlborCapVolCurveFn.capFloorletVol,financepy.market.volatility.FinFXVolSurface.volFunction,financepy.market.volatility.FinlborCapVolCurve,financepy.market.volatility.FinlborCapVolCurve.generateCapletVols,financepy.market.volatility.FinFXVolSurface.solveForSmileStrike,financepy.market.volatility.FinFXVolSurface.obj,financepy.market.volatility.FinlborCapVolCurve.capVol
strike,financepy.market.volatility.FinFXVolSurface.solveForSmileStrike,financepy.market.volatility.FinEquityVolCurve.volatility,financepy.market.volatility.FinFXVolSurface.volFunction,financepy.market.volatility.FinlborCapVolCurve
underlie,financepy.market.volatility.FinEquityVolCurve.calculatePDF
smile,financepy.market.volatility.FinEquityVolCurve.calculatePDF
skew,financepy.market.volatility.FinEquityVolCurve.calculatePDF
approach,financepy.market.volatility.FinEquityVolCurve.calculatePDF
breedon,financepy.market.volatility.FinEquityVolCurve.calculatePDF
litzenberger,financepy.market.volatility.FinEquityVolCurve.calculatePDF
foreign,financepy.market.volatility.FinFXVolSurface
exchange,financepy.market.volatility.FinFXVolSurface
surface,financepy.market.volatility.FinFXVolSurface,financepy.market.volatility.FinFXVolSurface.buildVolSurface
section,financepy.market.volatility.FinFXVolSurface.volFunction
iain,financepy.market.volatility.FinFXVolSurface.volFunction
clark,financepy.market.volatility.FinFXVolSurface.volFunction
book,financepy.market.volatility.FinFXVolSurface.volFunction,financepy.market.volatility.FinlborCapVolCurve.generateCapletVols
solve,financepy.market.volatility.FinFXVolSurface.solveForSmileStrike
delta,financepy.market.volatility.FinFXVolSurface.solveForSmileStrike
option,financepy.market.volatility.FinFXVolSurface.solveForSmileStrike
target,financepy.market.volatility.FinFXVolSurface.solveForSmileStrike
calibration,financepy.market.volatility.FinFXVolSurface.checkCalibration
plot,financepy.market.volatility.FinFXVolSurface.plotVolCurves
minimise,financepy.market.volatility.FinFXVolSurface.obj
atm,financepy.market.volatility.FinFXVolSurface.obj
vols,financepy.market.volatility.FinFXVolSurface.obj,financepy.market.volatility.FinlborCapVolCurve.generateCapletVols
best,financepy.market.volatility.FinFXVolSurface.obj
fit,financepy.market.volatility.FinFXVolSurface.obj
parametric,financepy.market.volatility.FinFXVolSurface.obj
respresented,financepy.market.volatility.FinFXVolSurface.obj
cvec,financepy.market.volatility.FinFXVolSurface.obj
deltafit,financepy.market.volatility.FinFXVolSurface.deltaFit
cap,financepy.market.volatility.FinlborCapVolCurve.generateCapletVols,financepy.market.volatility.FinlborCapVolCurve.capVol,financepy.market.volatility.FinlborCapVolCurve
floor,financepy.market.volatility.FinlborCapVolCurve.capVol,financepy.market.volatility.FinlborCapVolCurve
avoid,financepy.market.volatility.FinlborCapVolCurve
confusion,financepy.market.volatility.FinlborCapVolCurve
capdates,financepy.market.volatility.FinlborCapVolCurve
internal,financepy.market.volatility.FinlborCapVolCurve
refer,financepy.market.volatility.FinlborCapVolCurve
simplicity,financepy.market.volatility.FinlborCapVolCurve
bootstrap,financepy.market.volatility.FinlborCapVolCurve.generateCapletVols
caplet,financepy.market.volatility.FinlborCapVolCurveFn.capFloorletVol,financepy.market.volatility.FinlborCapVolCurve.capletVol,financepy.market.volatility.FinlborCapVolCurve.capVol,financepy.market.volatility.FinlborCapVolCurve.generateCapletVols
similar,financepy.market.volatility.FinlborCapVolCurve.generateCapletVols
notation,financepy.market.volatility.FinlborCapVolCurve.generateCapletVols
hull,financepy.market.volatility.FinlborCapVolCurve.generateCapletVols
page,financepy.market.volatility.FinlborCapVolCurve.generateCapletVols
floorlet,financepy.market.volatility.FinlborCapVolCurve.capVol
labour,financepy.market.volatility.FinlborCapVolCurveFn
capital,financepy.market.volatility.FinlborCapVolCurveFn
