amount,financepy.finutils.FinAmount,financepy.finutils.FinAmount.amount,financepy.finutils.FinDayCount,financepy.finutils.FinHelperFunctions.checkVectorDifferences,financepy.finutils.FinMath.maximum
pay,financepy.finutils.FinAmount,financepy.finutils.FinAmount.amount,financepy.finutils.FinHelperFunctions.accruedTree,financepy.finutils.FinMath.accruedInterpolator
portion,financepy.finutils.FinAmount,financepy.finutils.FinAmount.amount
percentage,financepy.finutils.FinAmount,financepy.finutils.FinAmount.amount
dollar_amount,financepy.finutils.FinAmount,financepy.finutils.FinAmount.amount
interest,financepy.finutils.FinAmount,financepy.finutils.FinAmount.amount,financepy.finutils.FinHelperFunctions.accruedTree,financepy.finutils.FinMath.accruedInterpolator
calender,financepy.finutils.FinCalender
adjust,financepy.finutils.FinCalender.adjust
adjusts,financepy.finutils.FinCalender.adjust
calculate,financepy.finutils.FinCalender.adjust,financepy.finutils.FinDate.calculateList,financepy.finutils.FinHelperFunctions.checkVectorDifferences,financepy.market.volatility.FinEquityVolCurve.calculatePDF
adjustment,financepy.finutils.FinCalender.adjust
change,financepy.finutils.FinCalender.adjust
business,financepy.finutils.FinCalender.addBusinessDays,financepy.finutils.FinCalender.isBusinessDay
operation,financepy.finutils.FinCalender.addBusinessDays,financepy.finutils.FinCalender.isBusinessDay,financepy.finutils.FinHelperFunctions,financepy.market.volatility.FinFXVolSurface.volFunction
company,financepy.finutils.FinCalender.addBusinessDays,financepy.finutils.FinCalender.isBusinessDay
business_owner,financepy.finutils.FinCalender.addBusinessDays,financepy.finutils.FinCalender.isBusinessDay
operate,financepy.finutils.FinCalender.addBusinessDays,financepy.finutils.FinCalender.isBusinessDay
activity,financepy.finutils.FinCalender.addBusinessDays,financepy.finutils.FinCalender.isBusinessDay
day,financepy.finutils.FinCalender.addBusinessDays,financepy.finutils.FinCalender.isBusinessDay,financepy.finutils.FinDate.addDays,financepy.finutils.FinDate.addWeekDays,financepy.finutils.FinDate.addMonths,financepy.finutils.FinDate.thirdWednesdayOfMonth,financepy.finutils.FinDate.weekDay,financepy.finutils.FinDate.dailyWorkingDaySchedule,financepy.finutils.FinDate.daysInMonth,financepy.finutils.FinDayCount,financepy.finutils.FinDayCountisLastDayOfFeb
month,financepy.finutils.FinCalender.addBusinessDays,financepy.finutils.FinCalender.isBusinessDay,financepy.finutils.FinDate.addDays,financepy.finutils.FinDate.addWeekDays,financepy.finutils.FinDate.addMonths,financepy.finutils.FinDate.addYears,financepy.finutils.FinDate.nextCDSDate,financepy.finutils.FinDate.thirdWednesdayOfMonth,financepy.finutils.FinDate.isLeapYear,financepy.finutils.FinDate.weekDay,financepy.finutils.FinDate.dailyWorkingDaySchedule,financepy.finutils.FinDate.daysInMonth,financepy.finutils.FinDayCount,financepy.finutils.FinDayCount.yearFrac,financepy.finutils.FinDayCountisLastDayOfFeb,financepy.finutils.FinHelperFunctions.pv01Times,financepy.finutils.FinHelperFunctions.timesFromDates,financepy.finutils.FinHelperFunctions.inputTime,financepy.finutils.FinMath.isLeapYear
week,financepy.finutils.FinCalender.addBusinessDays,financepy.finutils.FinCalender.isBusinessDay,financepy.finutils.FinDate.addDays,financepy.finutils.FinDate.addWeekDays,financepy.finutils.FinDate.addMonths,financepy.finutils.FinDate.thirdWednesdayOfMonth,financepy.finutils.FinDate.weekDay,financepy.finutils.FinDate.dailyWorkingDaySchedule,financepy.finutils.FinDate.daysInMonth,financepy.finutils.FinDayCount,financepy.finutils.FinDayCountisLastDayOfFeb
day_week,financepy.finutils.FinCalender.addBusinessDays,financepy.finutils.FinCalender.isBusinessDay,financepy.finutils.FinDate.addDays,financepy.finutils.FinDate.addWeekDays,financepy.finutils.FinDate.weekDay,financepy.finutils.FinDate.dailyWorkingDaySchedule,financepy.finutils.FinDate.daysInMonth,financepy.finutils.FinDayCount,financepy.finutils.FinDayCountisLastDayOfFeb
trading_session,financepy.finutils.FinCalender.addBusinessDays,financepy.finutils.FinCalender.isBusinessDay,financepy.finutils.FinDate.addDays,financepy.finutils.FinDate.addWeekDays,financepy.finutils.FinDate.weekDay,financepy.finutils.FinDate.dailyWorkingDaySchedule,financepy.finutils.FinDate.daysInMonth,financepy.finutils.FinDayCount,financepy.finutils.FinDayCountisLastDayOfFeb
seven_day,financepy.finutils.FinCalender.addBusinessDays,financepy.finutils.FinCalender.isBusinessDay,financepy.finutils.FinDate.addDays,financepy.finutils.FinDate.addWeekDays,financepy.finutils.FinDate.weekDay,financepy.finutils.FinDate.dailyWorkingDaySchedule,financepy.finutils.FinDate.daysInMonth,financepy.finutils.FinDayCount,financepy.finutils.FinDayCountisLastDayOfFeb
add,financepy.finutils.FinCalender.addBusinessDays,financepy.finutils.FinDate.addDays,financepy.finutils.FinDate.addWeekDays,financepy.finutils.FinDate.addMonths,financepy.finutils.FinDate.addYears,financepy.finutils.FinDate.addTenor
additional,financepy.finutils.FinCalender.addBusinessDays,financepy.finutils.FinDate.addDays,financepy.finutils.FinDate.addWeekDays,financepy.finutils.FinDate.addMonths,financepy.finutils.FinDate.addYears,financepy.finutils.FinDate.addTenor
extra,financepy.finutils.FinCalender.addBusinessDays,financepy.finutils.FinDate.addDays,financepy.finutils.FinDate.addWeekDays,financepy.finutils.FinDate.addMonths,financepy.finutils.FinDate.addYears,financepy.finutils.FinDate.addTenor
multiplies,financepy.finutils.FinCalender.addBusinessDays,financepy.finutils.FinDate.addDays,financepy.finutils.FinDate.addWeekDays,financepy.finutils.FinDate.addMonths,financepy.finutils.FinDate.addYears,financepy.finutils.FinDate.addTenor
plus,financepy.finutils.FinCalender.addBusinessDays,financepy.finutils.FinDate.addDays,financepy.finutils.FinDate.addWeekDays,financepy.finutils.FinDate.addMonths,financepy.finutils.FinDate.addYears,financepy.finutils.FinDate.addTenor
be,financepy.finutils.FinCalender.isBusinessDay,financepy.finutils.FinDate.isWeekend,financepy.finutils.FinDate.isLeapYear,financepy.finutils.FinMath.isLeapYear
holiday,financepy.finutils.FinCalender.getHolidayList,financepy.finutils.FinCalender.easterMonday,financepy.finutils.FinDate.isWeekend
easter,financepy.finutils.FinCalender.getHolidayList,financepy.finutils.FinCalender.easterMonday
hangover,financepy.finutils.FinCalender.getHolidayList,financepy.finutils.FinCalender.easterMonday
thanksgiving,financepy.finutils.FinCalender.getHolidayList,financepy.finutils.FinCalender.easterMonday
christmas,financepy.finutils.FinCalender.getHolidayList,financepy.finutils.FinCalender.easterMonday
weekend,financepy.finutils.FinCalender.getHolidayList,financepy.finutils.FinDate.isWeekend
list,financepy.finutils.FinCalender.getHolidayList,financepy.finutils.FinDate.calculateList
otcqx,financepy.finutils.FinCalender.getHolidayList,financepy.finutils.FinDate.calculateList
listing,financepy.finutils.FinCalender.getHolidayList,financepy.finutils.FinDate.calculateList
include,financepy.finutils.FinCalender.getHolidayList,financepy.finutils.FinDate.setDateFormatType,financepy.finutils.FinDate.calculateList,financepy.finutils.FinDate.testType,financepy.finutils.FinHelperFunctions.toUsableType,financepy.finutils.FinHelperFunctions.uniformToDefaultType,financepy.finutils.FinHelperFunctions.checkArgumentTypes
symbol,financepy.finutils.FinCalender.getHolidayList,financepy.finutils.FinDate.calculateList
get,financepy.finutils.FinCalender.getHolidayList
want,financepy.finutils.FinCalender.getHolidayList
take,financepy.finutils.FinCalender.getHolidayList
need,financepy.finutils.FinCalender.getHolidayList,financepy.finutils.FinDate.dailyWorkingDaySchedule
even,financepy.finutils.FinCalender.getHolidayList,financepy.finutils.FinDate.isWeekend,financepy.finutils.FinDate.addWeekDays
might,financepy.finutils.FinCalender.getHolidayList
monday,financepy.finutils.FinCalender.easterMonday,financepy.finutils.FinDate.thirdWednesdayOfMonth
tuesday,financepy.finutils.FinCalender.easterMonday,financepy.finutils.FinDate.thirdWednesdayOfMonth
friday,financepy.finutils.FinCalender.easterMonday,financepy.finutils.FinDate.thirdWednesdayOfMonth
wednesday,financepy.finutils.FinCalender.easterMonday,financepy.finutils.FinDate.thirdWednesdayOfMonth
thursday,financepy.finutils.FinCalender.easterMonday,financepy.finutils.FinDate.thirdWednesdayOfMonth
getaway,financepy.finutils.FinCalender.easterMonday
date,financepy.finutils.FinDate,financepy.finutils.FinDate.nextCDSDate,"financepy.finutils.FinDate,nextMMDate",financepy.finutils.FinDate.setDateFormatType,financepy.finutils.FinDate.dateIndex,financepy.finutils.FinDate.dateFromIndex,financepy.finutils.FinDate.dateRange,financepy.finutils.FinHelperFunctions.timesFromDates,financepy.finutils.FinHelperFunctions.checkDate,financepy.finutils.FinSchedule.scheduleDates
settlement_date,financepy.finutils.FinDate,financepy.finutils.FinDate.nextCDSDate,"financepy.finutils.FinDate,nextMMDate",financepy.finutils.FinDate.setDateFormatType,financepy.finutils.FinDate.dateIndex,financepy.finutils.FinDate.dateFromIndex,financepy.finutils.FinDate.dateRange,financepy.finutils.FinHelperFunctions.timesFromDates,financepy.finutils.FinHelperFunctions.checkDate,financepy.finutils.FinSchedule.scheduleDates
period,financepy.finutils.FinDate,financepy.finutils.FinDate.addYears,financepy.finutils.FinDate.nextCDSDate,"financepy.finutils.FinDate,nextMMDate",financepy.finutils.FinDate.setDateFormatType,financepy.finutils.FinDate.isLeapYear,financepy.finutils.FinDate.dateIndex,financepy.finutils.FinDate.dateFromIndex,financepy.finutils.FinDate.dateRange,financepy.finutils.FinDayCount.yearFrac,financepy.finutils.FinDayCountisLastDayOfFeb,financepy.finutils.FinHelperFunctions.pv01Times,financepy.finutils.FinHelperFunctions.timesFromDates,financepy.finutils.FinHelperFunctions.checkDate,financepy.finutils.FinHelperFunctions.inputTime,financepy.finutils.FinSchedule.scheduleDates,financepy.finutils.FinMath.isLeapYear
cum,financepy.finutils.FinDate,financepy.finutils.FinDate.nextCDSDate,"financepy.finutils.FinDate,nextMMDate",financepy.finutils.FinDate.setDateFormatType,financepy.finutils.FinDate.dateIndex,financepy.finutils.FinDate.dateFromIndex,financepy.finutils.FinDate.dateRange,financepy.finutils.FinHelperFunctions.timesFromDates,financepy.finutils.FinHelperFunctions.checkDate,financepy.finutils.FinSchedule.scheduleDates
maturity_date,financepy.finutils.FinDate,financepy.finutils.FinDate.nextCDSDate,"financepy.finutils.FinDate,nextMMDate",financepy.finutils.FinDate.setDateFormatType,financepy.finutils.FinDate.dateIndex,financepy.finutils.FinDate.dateFromIndex,financepy.finutils.FinDate.dateRange,financepy.finutils.FinHelperFunctions.timesFromDates,financepy.finutils.FinHelperFunctions.checkDate,financepy.finutils.FinSchedule.scheduleDates
nine_month,financepy.finutils.FinDate,financepy.finutils.FinDate.nextCDSDate,"financepy.finutils.FinDate,nextMMDate",financepy.finutils.FinDate.setDateFormatType,financepy.finutils.FinDate.dateIndex,financepy.finutils.FinDate.dateFromIndex,financepy.finutils.FinDate.dateRange,financepy.finutils.FinHelperFunctions.timesFromDates,financepy.finutils.FinHelperFunctions.checkDate,financepy.finutils.FinSchedule.scheduleDates
sunday,financepy.finutils.FinDate.isWeekend
saturday,financepy.finutils.FinDate.isWeekend
weekday,financepy.finutils.FinDate.isWeekend
year,financepy.finutils.FinDate.addWeekDays,financepy.finutils.FinDate.addMonths,financepy.finutils.FinDate.addYears,financepy.finutils.FinDate.nextCDSDate,financepy.finutils.FinDate.thirdWednesdayOfMonth,financepy.finutils.FinDate.isLeapYear,financepy.finutils.FinDate.weekDay,financepy.finutils.FinDate.daysInMonth,financepy.finutils.FinDayCount,financepy.finutils.FinDayCount.yearFrac,financepy.finutils.FinHelperFunctions.pv01Times,financepy.finutils.FinHelperFunctions.timesFromDates,financepy.finutils.FinHelperFunctions.inputTime,financepy.finutils.FinMath.isLeapYear,financepy.market.curves.FinDiscountCurve.bump,financepy.market.curves.FinDiscountCurveFlat.bump
six_month,financepy.finutils.FinDate.addMonths,financepy.finutils.FinDate.thirdWednesdayOfMonth,financepy.finutils.FinDate.daysInMonth
end,financepy.finutils.FinDate.addMonths,financepy.finutils.FinDate.nextCDSDate,financepy.finutils.FinDate.thirdWednesdayOfMonth,financepy.finutils.FinDate.daysInMonth,financepy.finutils.FinDayCountisLastDayOfFeb
five_year,financepy.finutils.FinDate.addYears,financepy.finutils.FinDate.isLeapYear,financepy.finutils.FinDayCount.yearFrac,financepy.finutils.FinMath.isLeapYear
annual,financepy.finutils.FinDate.addYears,financepy.finutils.FinDate.isLeapYear,financepy.finutils.FinDayCount.yearFrac,financepy.finutils.FinMath.isLeapYear
three_year,financepy.finutils.FinDate.addYears,financepy.finutils.FinDate.isLeapYear,financepy.finutils.FinDayCount.yearFrac,financepy.finutils.FinMath.isLeapYear
next,financepy.finutils.FinDate.nextCDSDate,financepy.finutils.FinDayCountisLastDayOfFeb
last,financepy.finutils.FinDate.nextCDSDate,financepy.finutils.FinDayCountisLastDayOfFeb
first,financepy.finutils.FinDate.nextCDSDate
cd,financepy.finutils.FinDate.nextCDSDate
certificate_deposit,financepy.finutils.FinDate.nextCDSDate
saving_account,financepy.finutils.FinDate.nextCDSDate
broker,financepy.finutils.FinDate.nextCDSDate
mmdas,financepy.finutils.FinDate.nextCDSDate
of,financepy.finutils.FinDate.thirdWednesdayOfMonth,financepy.finutils.FinDayCountisLastDayOfFeb
third,financepy.finutils.FinDate.thirdWednesdayOfMonth
fourth,financepy.finutils.FinDate.thirdWednesdayOfMonth
second,financepy.finutils.FinDate.thirdWednesdayOfMonth
fifth,financepy.finutils.FinDate.thirdWednesdayOfMonth
sixth,financepy.finutils.FinDate.thirdWednesdayOfMonth
seventh,financepy.finutils.FinDate.thirdWednesdayOfMonth
"date,next","financepy.finutils.FinDate,nextMMDate"
mm,"financepy.finutils.FinDate,nextMMDate"
tenor,financepy.finutils.FinDate.addTenor
euribor,financepy.finutils.FinDate.addTenor
maturity,financepy.finutils.FinDate.addTenor
eonia,financepy.finutils.FinDate.addTenor
steepen,financepy.finutils.FinDate.addTenor,financepy.market.curves.FinDiscountCurve,financepy.market.curves.FinDiscountCurveFlat,financepy.market.curves.FinDiscountCurveNS,financepy.market.curves.FinDiscountCurveNSS,financepy.market.curves.FinDiscountCurvePoly,financepy.market.curves.FinDiscountCurvePWF,financepy.market.curves.FinDiscountCurvePWL,financepy.market.curves.FinDiscountCurveZeros,financepy.market.curves.FinInterpolator.interpolate,financepy.market.volatility.FinEquityVolCurve,financepy.market.volatility.FinFXVolSurface.plotVolCurves,financepy.market.volatility.FinlborCapVolCurve,financepy.market.volatility.FinlborCapVolCurveFn
interbank_offer,financepy.finutils.FinDate.addTenor
datetime,financepy.finutils.FinDate.datetime,financepy.finutils.FinDate.fromDatetime
str,financepy.finutils.FinDate.str
format,financepy.finutils.FinDate.setDateFormatType
xml,financepy.finutils.FinDate.setDateFormatType
graphical,financepy.finutils.FinDate.setDateFormatType
xxxxxxx,financepy.finutils.FinDate.setDateFormatType
xbrl,financepy.finutils.FinDate.setDateFormatType
ds,financepy.finutils.FinDate.setDateFormatType
type,financepy.finutils.FinDate.setDateFormatType,financepy.finutils.FinDate.testType,financepy.finutils.FinHelperFunctions.toUsableType,financepy.finutils.FinHelperFunctions.uniformToDefaultType,financepy.finutils.FinHelperFunctions.checkArgumentTypes
different_type,financepy.finutils.FinDate.setDateFormatType,financepy.finutils.FinDate.testType,financepy.finutils.FinHelperFunctions.toUsableType,financepy.finutils.FinHelperFunctions.uniformToDefaultType,financepy.finutils.FinHelperFunctions.checkArgumentTypes
typically,financepy.finutils.FinDate.setDateFormatType,financepy.finutils.FinDate.dateRange,financepy.finutils.FinDate.testType,financepy.finutils.FinHelperFunctions.toUsableType,financepy.finutils.FinHelperFunctions.uniformToDefaultType,financepy.finutils.FinHelperFunctions.checkArgumentTypes,financepy.finutils.FinMath.testRange
kind,financepy.finutils.FinDate.setDateFormatType,financepy.finutils.FinDate.testType,financepy.finutils.FinHelperFunctions.toUsableType,financepy.finutils.FinHelperFunctions.uniformToDefaultType,financepy.finutils.FinHelperFunctions.checkArgumentTypes
variety,financepy.finutils.FinDate.setDateFormatType,financepy.finutils.FinDate.testType,financepy.finutils.FinHelperFunctions.toUsableType,financepy.finutils.FinHelperFunctions.uniformToDefaultType,financepy.finutils.FinHelperFunctions.checkArgumentTypes
set,financepy.finutils.FinDate.setDateFormatType
preset,financepy.finutils.FinDate.setDateFormatType
specific,financepy.finutils.FinDate.setDateFormatType
specify,financepy.finutils.FinDate.setDateFormatType
certain,financepy.finutils.FinDate.setDateFormatType
predetermine,financepy.finutils.FinDate.setDateFormatType
leap,financepy.finutils.FinDate.isLeapYear,financepy.finutils.FinMath.isLeapYear
belly,financepy.finutils.FinDate.isLeapYear,financepy.finutils.FinMath.isLeapYear
xlk,financepy.finutils.FinDate.isLeapYear,financepy.finutils.FinMath.isLeapYear
revival,financepy.finutils.FinDate.isLeapYear,financepy.finutils.FinMath.isLeapYear
dormitory,financepy.finutils.FinDate.isLeapYear,financepy.finutils.FinMath.isLeapYear
put_option,financepy.finutils.FinDate.isLeapYear,financepy.finutils.FinMath.isLeapYear
calculation,financepy.finutils.FinDate.calculateList,financepy.market.volatility.FinEquityVolCurve.calculatePDF
formula,financepy.finutils.FinDate.calculateList,financepy.market.volatility.FinEquityVolCurve.calculatePDF
determine,financepy.finutils.FinDate.calculateList,financepy.market.volatility.FinEquityVolCurve.calculatePDF
formula_calculate,financepy.finutils.FinDate.calculateList,financepy.market.volatility.FinEquityVolCurve.calculatePDF
index,financepy.finutils.FinDate.dateIndex,financepy.finutils.FinDate.dateFromIndex
benchmark_index,financepy.finutils.FinDate.dateIndex,financepy.finutils.FinDate.dateFromIndex
crsp,financepy.finutils.FinDate.dateIndex,financepy.finutils.FinDate.dateFromIndex
midcap,financepy.finutils.FinDate.dateIndex,financepy.finutils.FinDate.dateFromIndex
underlie_index,financepy.finutils.FinDate.dateIndex,financepy.finutils.FinDate.dateFromIndex
gsci,financepy.finutils.FinDate.dateIndex,financepy.finutils.FinDate.dateFromIndex
from,financepy.finutils.FinDate.dateFromIndex,financepy.finutils.FinDate.fromDatetime,financepy.finutils.FinHelperFunctions.timesFromDates
evening,financepy.finutils.FinDate.weekDay
work,financepy.finutils.FinDate.dailyWorkingDaySchedule
freelancer,financepy.finutils.FinDate.dailyWorkingDaySchedule
salaried,financepy.finutils.FinDate.dailyWorkingDaySchedule
job,financepy.finutils.FinDate.dailyWorkingDaySchedule
employed,financepy.finutils.FinDate.dailyWorkingDaySchedule
schedule,financepy.finutils.FinDate.dailyWorkingDaySchedule,financepy.finutils.FinSchedule,financepy.finutils.FinSchedule.scheduleDates
require,financepy.finutils.FinDate.dailyWorkingDaySchedule,financepy.finutils.FinSchedule,financepy.finutils.FinSchedule.scheduleDates
must,financepy.finutils.FinDate.dailyWorkingDaySchedule,financepy.finutils.FinSchedule,financepy.finutils.FinSchedule.scheduleDates
service_instruction,financepy.finutils.FinDate.dailyWorkingDaySchedule,financepy.finutils.FinSchedule,financepy.finutils.FinSchedule.scheduleDates
itemization,financepy.finutils.FinDate.dailyWorkingDaySchedule,financepy.finutils.FinSchedule,financepy.finutils.FinSchedule.scheduleDates
amortization_schedule,financepy.finutils.FinDate.dailyWorkingDaySchedule,financepy.finutils.FinSchedule,financepy.finutils.FinSchedule.scheduleDates
daily,financepy.finutils.FinDate.dailyWorkingDaySchedule
weekly_monthly,financepy.finutils.FinDate.dailyWorkingDaySchedule
throughout_day,financepy.finutils.FinDate.dailyWorkingDaySchedule
daily_basis,financepy.finutils.FinDate.dailyWorkingDaySchedule
average_daily,financepy.finutils.FinDate.dailyWorkingDaySchedule
datediff,financepy.finutils.FinDate.datediff
in,financepy.finutils.FinDate.daysInMonth
out,financepy.finutils.FinDate.daysInMonth
bail,financepy.finutils.FinDate.daysInMonth
maze,financepy.finutils.FinDate.daysInMonth
range,financepy.finutils.FinDate.dateRange,financepy.finutils.FinMath.testRange
average,financepy.finutils.FinDate.dateRange,financepy.finutils.FinMath.testRange
low,financepy.finutils.FinDate.dateRange,financepy.finutils.FinMath.testRange,financepy.market.curves.FinDiscountCurve.zeroRate,financepy.market.curves.FinDiscountCurve.swapRate,financepy.market.curves.FinDiscountCurve.fwdRate,financepy.market.curves.FinDiscountCurveNS.zeroRate,financepy.market.curves.FinDiscountCurveNSS.zeroRate,financepy.market.curves.FinDiscountCurvePoly.zeroRate
spectrum,financepy.finutils.FinDate.dateRange,financepy.finutils.FinMath.testRange
high,financepy.finutils.FinDate.dateRange,financepy.finutils.FinMath.testRange
test,financepy.finutils.FinDate.testType,financepy.finutils.FinMath.testMonocity,financepy.finutils.FinMath.testRange
anova,financepy.finutils.FinDate.testType,financepy.finutils.FinMath.testMonocity,financepy.finutils.FinMath.testRange
acp,financepy.finutils.FinDate.testType,financepy.finutils.FinMath.testMonocity,financepy.finutils.FinMath.testRange
gre,financepy.finutils.FinDate.testType,financepy.finutils.FinMath.testMonocity,financepy.finutils.FinMath.testRange
tail,financepy.finutils.FinDate.testType,financepy.finutils.FinMath.testMonocity,financepy.finutils.FinMath.testRange
count,financepy.finutils.FinDayCount
ninety,financepy.finutils.FinDayCount
total,financepy.finutils.FinDayCount
receive,financepy.finutils.FinDayCount
frac,financepy.finutils.FinDayCount.yearFrac
textbf,financepy.finutils.FinDayCount.yearFrac
sum_,financepy.finutils.FinDayCount.yearFrac
sqrt,financepy.finutils.FinDayCount.yearFrac
qquad,financepy.finutils.FinDayCount.yearFrac
bigg,financepy.finutils.FinDayCount.yearFrac
countis,financepy.finutils.FinDayCountisLastDayOfFeb
ago,financepy.finutils.FinDayCountisLastDayOfFeb
feb,financepy.finutils.FinDayCountisLastDayOfFeb
aug,financepy.finutils.FinDayCountisLastDayOfFeb
march,financepy.finutils.FinDayCountisLastDayOfFeb
oct,financepy.finutils.FinDayCountisLastDayOfFeb
july,financepy.finutils.FinDayCountisLastDayOfFeb
sept,financepy.finutils.FinDayCountisLastDayOfFeb
error,financepy.finutils.FinError,financepy.finutils.FinError.suppressErrors
transposition,financepy.finutils.FinError,financepy.finutils.FinError.suppressErrors
sample_error,financepy.finutils.FinError,financepy.finutils.FinError.suppressErrors
inaccuracy,financepy.finutils.FinError,financepy.finutils.FinError.suppressErrors
incorrectly,financepy.finutils.FinError,financepy.finutils.FinError.suppressErrors
inaccurate,financepy.finutils.FinError,financepy.finutils.FinError.suppressErrors
func,financepy.finutils.FinError.func_name
name,financepy.finutils.FinError.func_name
names,financepy.finutils.FinError.func_name
consignee,financepy.finutils.FinError.func_name
registrar,financepy.finutils.FinError.func_name
logo,financepy.finutils.FinError.func_name
maiden,financepy.finutils.FinError.func_name
suppress,financepy.finutils.FinError.suppressErrors
prop,financepy.finutils.FinError.suppressErrors
hamper,financepy.finutils.FinError.suppressErrors
counterproductive,financepy.finutils.FinError.suppressErrors
stimulates,financepy.finutils.FinError.suppressErrors
overregulation,financepy.finutils.FinError.suppressErrors
frequency,financepy.finutils.FinFrequency
probabilistic,financepy.finutils.FinFrequency
severity,financepy.finutils.FinFrequency
male_female,financepy.finutils.FinFrequency
mortality_table,financepy.finutils.FinFrequency
compute,financepy.finutils.FinFrequency
helper,financepy.finutils.FinHelperFunctions
babysitter,financepy.finutils.FinHelperFunctions
nanny,financepy.finutils.FinHelperFunctions
caretaker,financepy.finutils.FinHelperFunctions
housekeeper,financepy.finutils.FinHelperFunctions
whiten,financepy.finutils.FinHelperFunctions
function,financepy.finutils.FinHelperFunctions,financepy.market.volatility.FinFXVolSurface.volFunction
task,financepy.finutils.FinHelperFunctions,financepy.market.volatility.FinFXVolSurface.volFunction
seamlessly,financepy.finutils.FinHelperFunctions,financepy.market.volatility.FinFXVolSurface.volFunction
supervise,financepy.finutils.FinHelperFunctions,financepy.market.volatility.FinFXVolSurface.volFunction
process,financepy.finutils.FinHelperFunctions,financepy.market.volatility.FinFXVolSurface.volFunction
vector,financepy.finutils.FinHelperFunctions.betaVectorToCorrMatrix,financepy.finutils.FinHelperFunctions.checkVectorDifferences
gold_miner,financepy.finutils.FinHelperFunctions.betaVectorToCorrMatrix,financepy.finutils.FinHelperFunctions.checkVectorDifferences
abx,financepy.finutils.FinHelperFunctions.betaVectorToCorrMatrix,financepy.finutils.FinHelperFunctions.checkVectorDifferences
sprott,financepy.finutils.FinHelperFunctions.betaVectorToCorrMatrix,financepy.finutils.FinHelperFunctions.checkVectorDifferences
ewi,financepy.finutils.FinHelperFunctions.betaVectorToCorrMatrix,financepy.finutils.FinHelperFunctions.checkVectorDifferences
qqq,financepy.finutils.FinHelperFunctions.betaVectorToCorrMatrix,financepy.finutils.FinHelperFunctions.checkVectorDifferences
to,financepy.finutils.FinHelperFunctions.betaVectorToCorrMatrix,financepy.finutils.FinHelperFunctions.labelToString,financepy.finutils.FinHelperFunctions.tableToString,financepy.finutils.FinHelperFunctions.toUsableType,financepy.finutils.FinHelperFunctions.uniformToDefaultType
corr,financepy.finutils.FinHelperFunctions.betaVectorToCorrMatrix,financepy.finutils.FinMath.corrMatrixGenerator
matrix,financepy.finutils.FinHelperFunctions.betaVectorToCorrMatrix,financepy.finutils.FinMath.corrMatrixGenerator
bcg,financepy.finutils.FinHelperFunctions.betaVectorToCorrMatrix,financepy.finutils.FinMath.corrMatrixGenerator
quadrant,financepy.finutils.FinHelperFunctions.betaVectorToCorrMatrix,financepy.finutils.FinMath.corrMatrixGenerator
diagram,financepy.finutils.FinHelperFunctions.betaVectorToCorrMatrix,financepy.finutils.FinMath.corrMatrixGenerator
quantile,financepy.finutils.FinHelperFunctions.betaVectorToCorrMatrix,financepy.finutils.FinMath.corrMatrixGenerator,financepy.market.volatility.FinFXVolSurface.plotVolCurves
cash_cow,financepy.finutils.FinHelperFunctions.betaVectorToCorrMatrix,financepy.finutils.FinMath.corrMatrixGenerator
beta,financepy.finutils.FinHelperFunctions.betaVectorToCorrMatrix
excess_return,financepy.finutils.FinHelperFunctions.betaVectorToCorrMatrix
sharpe_ratio,financepy.finutils.FinHelperFunctions.betaVectorToCorrMatrix
alpha,financepy.finutils.FinHelperFunctions.betaVectorToCorrMatrix
sml,financepy.finutils.FinHelperFunctions.betaVectorToCorrMatrix,financepy.market.volatility.FinFXVolSurface.plotVolCurves
time,financepy.finutils.FinHelperFunctions.pv01Times,financepy.finutils.FinHelperFunctions.timesFromDates,financepy.finutils.FinHelperFunctions.inputTime
long,financepy.finutils.FinHelperFunctions.pv01Times,financepy.finutils.FinHelperFunctions.timesFromDates,financepy.finutils.FinHelperFunctions.inputTime
mean,financepy.finutils.FinHelperFunctions.pv01Times,financepy.finutils.FinHelperFunctions.timesFromDates,financepy.finutils.FinHelperFunctions.inputTime,financepy.finutils.FinStatistics.mean
pv01,financepy.finutils.FinHelperFunctions.pv01Times
difference,financepy.finutils.FinHelperFunctions.checkVectorDifferences
difference_two,financepy.finutils.FinHelperFunctions.checkVectorDifferences
value,financepy.finutils.FinHelperFunctions.checkVectorDifferences
discrepancy,financepy.finutils.FinHelperFunctions.checkVectorDifferences
check,financepy.finutils.FinHelperFunctions.checkVectorDifferences,financepy.finutils.FinHelperFunctions.checkDate,financepy.finutils.FinHelperFunctions.checkArgumentTypes,financepy.market.volatility.FinFXVolSurface.checkCalibration
payor,financepy.finutils.FinHelperFunctions.checkVectorDifferences,financepy.finutils.FinHelperFunctions.checkDate,financepy.finutils.FinHelperFunctions.checkArgumentTypes,financepy.market.volatility.FinFXVolSurface.checkCalibration
check_account,financepy.finutils.FinHelperFunctions.checkVectorDifferences,financepy.finutils.FinHelperFunctions.checkDate,financepy.finutils.FinHelperFunctions.checkArgumentTypes,financepy.market.volatility.FinFXVolSurface.checkCalibration
cashier_check,financepy.finutils.FinHelperFunctions.checkVectorDifferences,financepy.finutils.FinHelperFunctions.checkDate,financepy.finutils.FinHelperFunctions.checkArgumentTypes,financepy.market.volatility.FinFXVolSurface.checkCalibration
write_check,financepy.finutils.FinHelperFunctions.checkVectorDifferences,financepy.finutils.FinHelperFunctions.checkDate,financepy.finutils.FinHelperFunctions.checkArgumentTypes,financepy.market.volatility.FinFXVolSurface.checkCalibration
deposit,financepy.finutils.FinHelperFunctions.checkVectorDifferences,financepy.finutils.FinHelperFunctions.checkDate,financepy.finutils.FinHelperFunctions.checkArgumentTypes,financepy.market.volatility.FinFXVolSurface.checkCalibration
dump,financepy.finutils.FinHelperFunctions.dump
bromine,financepy.finutils.FinHelperFunctions.dump
retaliation,financepy.finutils.FinHelperFunctions.dump
retaliate,financepy.finutils.FinHelperFunctions.dump
nontariff,financepy.finutils.FinHelperFunctions.dump
tariff,financepy.finutils.FinHelperFunctions.dump
tree,financepy.finutils.FinHelperFunctions.printTree,financepy.finutils.FinHelperFunctions.accruedTree
merkle,financepy.finutils.FinHelperFunctions.printTree,financepy.finutils.FinHelperFunctions.accruedTree
dirt,financepy.finutils.FinHelperFunctions.printTree,financepy.finutils.FinHelperFunctions.accruedTree
lawn,financepy.finutils.FinHelperFunctions.printTree,financepy.finutils.FinHelperFunctions.accruedTree
lovely,financepy.finutils.FinHelperFunctions.printTree,financepy.finutils.FinHelperFunctions.accruedTree
thunderstorm,financepy.finutils.FinHelperFunctions.printTree,financepy.finutils.FinHelperFunctions.accruedTree
print,financepy.finutils.FinHelperFunctions.printTree
read_fine,financepy.finutils.FinHelperFunctions.printTree
printing,financepy.finutils.FinHelperFunctions.printTree
emboss,financepy.finutils.FinHelperFunctions.printTree
paperless,financepy.finutils.FinHelperFunctions.printTree
input,financepy.finutils.FinHelperFunctions.inputTime
output,financepy.finutils.FinHelperFunctions.inputTime
unobservable,financepy.finutils.FinHelperFunctions.inputTime
production_process,financepy.finutils.FinHelperFunctions.inputTime
inelasticity,financepy.finutils.FinHelperFunctions.inputTime
listdiff,financepy.finutils.FinHelperFunctions.listdiff
dotproduct,financepy.finutils.FinHelperFunctions.dotproduct
frange,financepy.finutils.FinHelperFunctions.frange,financepy.finutils.FinMath.frange
weight,financepy.finutils.FinHelperFunctions.normaliseWeights
rwas,financepy.finutils.FinHelperFunctions.normaliseWeights
weight_index,financepy.finutils.FinHelperFunctions.normaliseWeights
equal_weight,financepy.finutils.FinHelperFunctions.normaliseWeights
unweighted,financepy.finutils.FinHelperFunctions.normaliseWeights
normalise,financepy.finutils.FinHelperFunctions.normaliseWeights
string,financepy.finutils.FinHelperFunctions.labelToString,financepy.finutils.FinHelperFunctions.tableToString
hash,financepy.finutils.FinHelperFunctions.labelToString,financepy.finutils.FinHelperFunctions.tableToString
byte,financepy.finutils.FinHelperFunctions.labelToString,financepy.finutils.FinHelperFunctions.tableToString
sequence,financepy.finutils.FinHelperFunctions.labelToString,financepy.finutils.FinHelperFunctions.tableToString
nonce,financepy.finutils.FinHelperFunctions.labelToString,financepy.finutils.FinHelperFunctions.tableToString
hash_function,financepy.finutils.FinHelperFunctions.labelToString,financepy.finutils.FinHelperFunctions.tableToString
label,financepy.finutils.FinHelperFunctions.labelToString
brand,financepy.finutils.FinHelperFunctions.labelToString
dexter,financepy.finutils.FinHelperFunctions.labelToString
box_test,financepy.finutils.FinHelperFunctions.labelToString
white,financepy.finutils.FinHelperFunctions.labelToString
table,financepy.finutils.FinHelperFunctions.tableToString
pvifa,financepy.finutils.FinHelperFunctions.tableToString
table_show,financepy.finutils.FinHelperFunctions.tableToString
row,financepy.finutils.FinHelperFunctions.tableToString
column,financepy.finutils.FinHelperFunctions.tableToString
pvif,financepy.finutils.FinHelperFunctions.tableToString
usable,financepy.finutils.FinHelperFunctions.toUsableType
insulation,financepy.finutils.FinHelperFunctions.toUsableType
container,financepy.finutils.FinHelperFunctions.toUsableType
counterfeit,financepy.finutils.FinHelperFunctions.toUsableType
exchange,financepy.finutils.FinHelperFunctions.toUsableType
attic,financepy.finutils.FinHelperFunctions.toUsableType
default,financepy.finutils.FinHelperFunctions.uniformToDefaultType
borrower_default,financepy.finutils.FinHelperFunctions.uniformToDefaultType
defaulted,financepy.finutils.FinHelperFunctions.uniformToDefaultType
lender,financepy.finutils.FinHelperFunctions.uniformToDefaultType
borrower,financepy.finutils.FinHelperFunctions.uniformToDefaultType
counterparty_risk,financepy.finutils.FinHelperFunctions.uniformToDefaultType
uniform,financepy.finutils.FinHelperFunctions.uniformToDefaultType
premarital,financepy.finutils.FinHelperFunctions.uniformToDefaultType
minor_act,financepy.finutils.FinHelperFunctions.uniformToDefaultType
nasaa,financepy.finutils.FinHelperFunctions.uniformToDefaultType
uccc,financepy.finutils.FinHelperFunctions.uniformToDefaultType
urdg,financepy.finutils.FinHelperFunctions.uniformToDefaultType
accrue,financepy.finutils.FinHelperFunctions.accruedTree,financepy.finutils.FinMath.accruedInterpolator
accrues,financepy.finutils.FinHelperFunctions.accruedTree,financepy.finutils.FinMath.accruedInterpolator
accrue_interest,financepy.finutils.FinHelperFunctions.accruedTree,financepy.finutils.FinMath.accruedInterpolator
argument,financepy.finutils.FinHelperFunctions.checkArgumentTypes
monetarist,financepy.finutils.FinHelperFunctions.checkArgumentTypes
theorist,financepy.finutils.FinHelperFunctions.checkArgumentTypes
notion,financepy.finutils.FinHelperFunctions.checkArgumentTypes
emh,financepy.finutils.FinHelperFunctions.checkArgumentTypes
proponent,financepy.finutils.FinHelperFunctions.checkArgumentTypes
however,financepy.finutils.FinStatistics.mean
therefore,financepy.finutils.FinStatistics.mean
would,financepy.finutils.FinStatistics.mean
less,financepy.finutils.FinStatistics.mean
could,financepy.finutils.FinStatistics.mean
stdev,financepy.finutils.FinStatistics.stdev
stderr,financepy.finutils.FinStatistics.stderr
var,financepy.finutils.FinStatistics.var
cvar,financepy.finutils.FinStatistics.var
varn,financepy.finutils.FinStatistics.var
setsvar,financepy.finutils.FinStatistics.var
eachof,financepy.finutils.FinStatistics.var
oems,financepy.finutils.FinStatistics.var
moment,financepy.finutils.FinStatistics.moment
minsky,financepy.finutils.FinStatistics.moment
embarrass,financepy.finutils.FinStatistics.moment
fascinate,financepy.finutils.FinStatistics.moment
excite,financepy.finutils.FinStatistics.moment
okay,financepy.finutils.FinStatistics.moment
correlation,financepy.finutils.FinStatistics.correlation
negative_correlation,financepy.finutils.FinStatistics.correlation
correlation_coefficient,financepy.finutils.FinStatistics.correlation
covariance,financepy.finutils.FinStatistics.correlation
positive_correlation,financepy.finutils.FinStatistics.correlation
autocorrelation,financepy.finutils.FinStatistics.correlation
interpolator,financepy.finutils.FinMath.accruedInterpolator,financepy.market.curves.FinInterpolator
scale,financepy.finutils.FinMath.scale
lpc,financepy.finutils.FinMath.scale
diseconomy,financepy.finutils.FinMath.scale
economy,financepy.finutils.FinMath.scale
lrac,financepy.finutils.FinMath.scale
ppf,financepy.finutils.FinMath.scale
monocity,financepy.finutils.FinMath.testMonocity
maximum,financepy.finutils.FinMath.maximum,financepy.market.volatility.FinlborCapVolCurve,financepy.market.volatility.FinlborCapVolCurve.capVol,financepy.market.volatility.FinlborCapVolCurveFn,financepy.market.volatility.FinlborCapVolCurveFn.capFloorletVol
limit,financepy.finutils.FinMath.maximum,financepy.market.volatility.FinlborCapVolCurve,financepy.market.volatility.FinlborCapVolCurve.capVol,financepy.market.volatility.FinlborCapVolCurveFn,financepy.market.volatility.FinlborCapVolCurveFn.capFloorletVol
cap,financepy.finutils.FinMath.maximum,financepy.market.volatility.FinlborCapVolCurve,financepy.market.volatility.FinlborCapVolCurve.capVol,financepy.market.volatility.FinlborCapVolCurveFn,financepy.market.volatility.FinlborCapVolCurveFn.capFloorletVol
minimum,financepy.finutils.FinMath.maximum
maxaxis,financepy.finutils.FinMath.maxaxis
minaxis,financepy.finutils.FinMath.minaxis
covar,financepy.finutils.FinMath.covar
pair,financepy.finutils.FinMath.pairGCD
sneaker,financepy.finutils.FinMath.pairGCD
eur_usd,financepy.finutils.FinMath.pairGCD
currency_pair,financepy.finutils.FinMath.pairGCD
pip,financepy.finutils.FinMath.pairGCD
gcd,financepy.finutils.FinMath.pairGCD
nprime,financepy.finutils.FinMath.nprime
heaviside,financepy.finutils.FinMath.heaviside
normpdf,financepy.finutils.FinMath.normpdf
normcdf,financepy.finutils.FinMath.normcdf_fast,financepy.finutils.FinMath.normcdf_integrate,financepy.finutils.FinMath.normcdf_slow,financepy.finutils.FinMath.normcdf
fast,financepy.finutils.FinMath.normcdf_fast
faster,financepy.finutils.FinMath.normcdf_fast
quickly,financepy.finutils.FinMath.normcdf_fast
speedy,financepy.finutils.FinMath.normcdf_fast
speed,financepy.finutils.FinMath.normcdf_fast
pace,financepy.finutils.FinMath.normcdf_fast,financepy.finutils.FinMath.normcdf_slow
integrate,financepy.finutils.FinMath.normcdf_integrate
apis,financepy.finutils.FinMath.normcdf_integrate
erp,financepy.finutils.FinMath.normcdf_integrate
stp,financepy.finutils.FinMath.normcdf_integrate
logistics,financepy.finutils.FinMath.normcdf_integrate
slow,financepy.finutils.FinMath.normcdf_slow
sluggish,financepy.finutils.FinMath.normcdf_slow
decelerate,financepy.finutils.FinMath.normcdf_slow
slowdown,financepy.finutils.FinMath.normcdf_slow
overheat,financepy.finutils.FinMath.normcdf_slow
n,financepy.finutils.FinMath.N,financepy.market.curves.FinDiscountCurveNS,financepy.market.curves.FinDiscountCurveNSS
phi3,financepy.finutils.FinMath.phi3
norminvcdf,financepy.finutils.FinMath.norminvcdf
m,financepy.finutils.FinMath.M
mer,financepy.finutils.FinMath.M
ter,financepy.finutils.FinMath.M
opex,financepy.finutils.FinMath.M
oer,financepy.finutils.FinMath.M
guinness,financepy.finutils.FinMath.M
phi2,financepy.finutils.FinMath.phi2
cholesky,financepy.finutils.FinMath.cholesky
generator,financepy.finutils.FinMath.corrMatrixGenerator
solar_wind,financepy.finutils.FinMath.corrMatrixGenerator
optionsplay,financepy.finutils.FinMath.corrMatrixGenerator
fxtrade,financepy.finutils.FinMath.corrMatrixGenerator
flagship,financepy.finutils.FinMath.corrMatrixGenerator
marketedge,financepy.finutils.FinMath.corrMatrixGenerator
discount,financepy.market.curves.FinDiscountCurve,financepy.market.curves.FinDiscountCurveFlat,financepy.market.curves.FinDiscountCurveNS,financepy.market.curves.FinDiscountCurveNSS,financepy.market.curves.FinDiscountCurvePoly,financepy.market.curves.FinDiscountCurvePWF,financepy.market.curves.FinDiscountCurvePWL,financepy.market.curves.FinDiscountCurveZeros
paymentsr,financepy.market.curves.FinDiscountCurve,financepy.market.curves.FinDiscountCurveFlat,financepy.market.curves.FinDiscountCurveNS,financepy.market.curves.FinDiscountCurveNSS,financepy.market.curves.FinDiscountCurvePoly,financepy.market.curves.FinDiscountCurvePWF,financepy.market.curves.FinDiscountCurvePWL,financepy.market.curves.FinDiscountCurveZeros
paymentr,financepy.market.curves.FinDiscountCurve,financepy.market.curves.FinDiscountCurveFlat,financepy.market.curves.FinDiscountCurveNS,financepy.market.curves.FinDiscountCurveNSS,financepy.market.curves.FinDiscountCurvePoly,financepy.market.curves.FinDiscountCurvePWF,financepy.market.curves.FinDiscountCurvePWL,financepy.market.curves.FinDiscountCurveZeros
deep_discount,financepy.market.curves.FinDiscountCurve,financepy.market.curves.FinDiscountCurveFlat,financepy.market.curves.FinDiscountCurveNS,financepy.market.curves.FinDiscountCurveNSS,financepy.market.curves.FinDiscountCurvePoly,financepy.market.curves.FinDiscountCurvePWF,financepy.market.curves.FinDiscountCurvePWL,financepy.market.curves.FinDiscountCurveZeros
purchase,financepy.market.curves.FinDiscountCurve,financepy.market.curves.FinDiscountCurveFlat,financepy.market.curves.FinDiscountCurveNS,financepy.market.curves.FinDiscountCurveNSS,financepy.market.curves.FinDiscountCurvePoly,financepy.market.curves.FinDiscountCurvePWF,financepy.market.curves.FinDiscountCurvePWL,financepy.market.curves.FinDiscountCurveZeros
curve,financepy.market.curves.FinDiscountCurve,financepy.market.curves.FinDiscountCurveFlat,financepy.market.curves.FinDiscountCurveNS,financepy.market.curves.FinDiscountCurveNSS,financepy.market.curves.FinDiscountCurvePoly,financepy.market.curves.FinDiscountCurvePWF,financepy.market.curves.FinDiscountCurvePWL,financepy.market.curves.FinDiscountCurveZeros,financepy.market.volatility.FinEquityVolCurve,financepy.market.volatility.FinFXVolSurface.plotVolCurves,financepy.market.volatility.FinlborCapVolCurve,financepy.market.volatility.FinlborCapVolCurveFn
inverted_yield,financepy.market.curves.FinDiscountCurve,financepy.market.curves.FinDiscountCurveFlat,financepy.market.curves.FinDiscountCurveNS,financepy.market.curves.FinDiscountCurveNSS,financepy.market.curves.FinDiscountCurvePoly,financepy.market.curves.FinDiscountCurvePWF,financepy.market.curves.FinDiscountCurvePWL,financepy.market.curves.FinDiscountCurveZeros,financepy.market.volatility.FinEquityVolCurve,financepy.market.volatility.FinFXVolSurface.plotVolCurves,financepy.market.volatility.FinlborCapVolCurve,financepy.market.volatility.FinlborCapVolCurveFn
lorenz,financepy.market.curves.FinDiscountCurve,financepy.market.curves.FinDiscountCurveFlat,financepy.market.curves.FinDiscountCurveNS,financepy.market.curves.FinDiscountCurveNSS,financepy.market.curves.FinDiscountCurvePoly,financepy.market.curves.FinDiscountCurvePWF,financepy.market.curves.FinDiscountCurvePWL,financepy.market.curves.FinDiscountCurveZeros,financepy.market.volatility.FinEquityVolCurve,financepy.market.volatility.FinFXVolSurface.plotVolCurves,financepy.market.volatility.FinlborCapVolCurve,financepy.market.volatility.FinlborCapVolCurveFn
isoquant,financepy.market.curves.FinDiscountCurve,financepy.market.curves.FinDiscountCurveFlat,financepy.market.curves.FinDiscountCurveNS,financepy.market.curves.FinDiscountCurveNSS,financepy.market.curves.FinDiscountCurvePoly,financepy.market.curves.FinDiscountCurvePWF,financepy.market.curves.FinDiscountCurvePWL,financepy.market.curves.FinDiscountCurveZeros,financepy.market.volatility.FinEquityVolCurve,financepy.market.volatility.FinFXVolSurface.plotVolCurves,financepy.market.volatility.FinlborCapVolCurve,financepy.market.volatility.FinlborCapVolCurveFn
slope,financepy.market.curves.FinDiscountCurve,financepy.market.curves.FinDiscountCurveFlat,financepy.market.curves.FinDiscountCurveNS,financepy.market.curves.FinDiscountCurveNSS,financepy.market.curves.FinDiscountCurvePoly,financepy.market.curves.FinDiscountCurvePWF,financepy.market.curves.FinDiscountCurvePWL,financepy.market.curves.FinDiscountCurveZeros,financepy.market.volatility.FinEquityVolCurve,financepy.market.volatility.FinFXVolSurface.plotVolCurves,financepy.market.volatility.FinlborCapVolCurve,financepy.market.volatility.FinlborCapVolCurveFn
rate,financepy.market.curves.FinDiscountCurve.zeroRate,financepy.market.curves.FinDiscountCurve.swapRate,financepy.market.curves.FinDiscountCurve.fwdRate,financepy.market.curves.FinDiscountCurveNS.zeroRate,financepy.market.curves.FinDiscountCurveNSS.zeroRate,financepy.market.curves.FinDiscountCurvePoly.zeroRate
interest_rate,financepy.market.curves.FinDiscountCurve.zeroRate,financepy.market.curves.FinDiscountCurve.swapRate,financepy.market.curves.FinDiscountCurve.fwdRate,financepy.market.curves.FinDiscountCurveNS.zeroRate,financepy.market.curves.FinDiscountCurveNSS.zeroRate,financepy.market.curves.FinDiscountCurvePoly.zeroRate
yield,financepy.market.curves.FinDiscountCurve.zeroRate,financepy.market.curves.FinDiscountCurve.swapRate,financepy.market.curves.FinDiscountCurve.fwdRate,financepy.market.curves.FinDiscountCurveNS.zeroRate,financepy.market.curves.FinDiscountCurveNSS.zeroRate,financepy.market.curves.FinDiscountCurvePoly.zeroRate
nominal_interest,financepy.market.curves.FinDiscountCurve.zeroRate,financepy.market.curves.FinDiscountCurve.swapRate,financepy.market.curves.FinDiscountCurve.fwdRate,financepy.market.curves.FinDiscountCurveNS.zeroRate,financepy.market.curves.FinDiscountCurveNSS.zeroRate,financepy.market.curves.FinDiscountCurvePoly.zeroRate
inflation,financepy.market.curves.FinDiscountCurve.zeroRate,financepy.market.curves.FinDiscountCurve.swapRate,financepy.market.curves.FinDiscountCurve.fwdRate,financepy.market.curves.FinDiscountCurveNS.zeroRate,financepy.market.curves.FinDiscountCurveNSS.zeroRate,financepy.market.curves.FinDiscountCurvePoly.zeroRate
zero,financepy.market.curves.FinDiscountCurve.zeroRate,financepy.market.curves.FinDiscountCurveNS.zeroRate,financepy.market.curves.FinDiscountCurveNSS.zeroRate,financepy.market.curves.FinDiscountCurvePoly.zeroRate,financepy.market.curves.FinDiscountCurveZeros
near_zero,financepy.market.curves.FinDiscountCurve.zeroRate,financepy.market.curves.FinDiscountCurveNS.zeroRate,financepy.market.curves.FinDiscountCurveNSS.zeroRate,financepy.market.curves.FinDiscountCurvePoly.zeroRate
lower,financepy.market.curves.FinDiscountCurve.zeroRate,financepy.market.curves.FinDiscountCurveNS.zeroRate,financepy.market.curves.FinDiscountCurveNSS.zeroRate,financepy.market.curves.FinDiscountCurvePoly.zeroRate
ote,financepy.market.curves.FinDiscountCurve.zeroRate,financepy.market.curves.FinDiscountCurveNS.zeroRate,financepy.market.curves.FinDiscountCurveNSS.zeroRate,financepy.market.curves.FinDiscountCurvePoly.zeroRate
negative,financepy.market.curves.FinDiscountCurve.zeroRate,financepy.market.curves.FinDiscountCurveNS.zeroRate,financepy.market.curves.FinDiscountCurveNSS.zeroRate,financepy.market.curves.FinDiscountCurvePoly.zeroRate
swap,financepy.market.curves.FinDiscountCurve.swapRate
kiri,financepy.market.curves.FinDiscountCurve.swapRate
bbsy,financepy.market.curves.FinDiscountCurve.swapRate
currency_swap,financepy.market.curves.FinDiscountCurve.swapRate
quanto,financepy.market.curves.FinDiscountCurve.swapRate
notional,financepy.market.curves.FinDiscountCurve.swapRate
df,financepy.market.curves.FinDiscountCurve.df,financepy.market.curves.FinDiscountCurveFlat.df,financepy.market.curves.FinDiscountCurveNS.df,financepy.market.curves.FinDiscountCurveRate.df,financepy.market.curves.FinDiscountCurvePoly.df,financepy.market.curves.FinDiscountCurvePWF.df,financepy.market.curves.FinDiscountCurvePWL.df
prob,financepy.market.curves.FinDiscountCurve.survProb
surv,financepy.market.curves.FinDiscountCurve.survProb
fwd,financepy.market.curves.FinDiscountCurve.fwd,financepy.market.curves.FinDiscountCurve.fwdRate
bump,financepy.market.curves.FinDiscountCurve.bump,financepy.market.curves.FinDiscountCurveFlat.bump
drop,financepy.market.curves.FinDiscountCurve.bump,financepy.market.curves.FinDiscountCurveFlat.bump
increase,financepy.market.curves.FinDiscountCurve.bump,financepy.market.curves.FinDiscountCurveFlat.bump
bracket,financepy.market.curves.FinDiscountCurve.bump,financepy.market.curves.FinDiscountCurveFlat,financepy.market.curves.FinDiscountCurveFlat.bump
flat,financepy.market.curves.FinDiscountCurveFlat
regressive,financepy.market.curves.FinDiscountCurveFlat
flat_fee,financepy.market.curves.FinDiscountCurveFlat
annum,financepy.market.curves.FinDiscountCurveFlat
income_earner,financepy.market.curves.FinDiscountCurveFlat
poly,financepy.market.curves.FinDiscountCurvePoly
pwf,financepy.market.curves.FinDiscountCurvePWF
pwl,financepy.market.curves.FinDiscountCurvePWL
far,financepy.market.curves.FinDiscountCurveZeros
investmentrf,financepy.market.curves.FinDiscountCurveZeros
nibble,financepy.market.curves.FinDiscountCurveZeros
stow,financepy.market.curves.FinDiscountCurveZeros
interpolate,financepy.market.curves.FinDiscountCurveZeros,financepy.market.curves.FinInterpolator.interpolate
fit,financepy.market.curves.FinInterpolator.fit,financepy.market.volatility.FinFXVolSurface.deltaFit
best_fit,financepy.market.curves.FinInterpolator.fit,financepy.market.volatility.FinFXVolSurface.deltaFit
related_read,financepy.market.curves.FinInterpolator.fit,financepy.market.volatility.FinFXVolSurface.deltaFit
good_fit,financepy.market.curves.FinInterpolator.fit,financepy.market.volatility.FinFXVolSurface.deltaFit
tweak,financepy.market.curves.FinInterpolator.fit,financepy.market.volatility.FinFXVolSurface.deltaFit
best_suit,financepy.market.curves.FinInterpolator.fit,financepy.market.volatility.FinFXVolSurface.deltaFit
interpolation,financepy.market.curves.FinInterpolator.interpolate
flatten,financepy.market.curves.FinInterpolator.interpolate
plot,financepy.market.curves.FinInterpolator.interpolate,financepy.market.volatility.FinFXVolSurface.plotVolCurves
equity,financepy.market.volatility.FinEquityVolCurve
stock,financepy.market.volatility.FinEquityVolCurve
shareholder_equity,financepy.market.volatility.FinEquityVolCurve
asset,financepy.market.volatility.FinEquityVolCurve
investor,financepy.market.volatility.FinEquityVolCurve
preferred_share,financepy.market.volatility.FinEquityVolCurve
vol,financepy.market.volatility.FinEquityVolCurve,financepy.market.volatility.FinFXVolSurface,financepy.market.volatility.FinFXVolSurface.volFunction,financepy.market.volatility.FinFXVolSurface.buildVolSurface,financepy.market.volatility.FinFXVolSurface.plotVolCurves,financepy.market.volatility.FinlborCapVolCurve,financepy.market.volatility.FinlborCapVolCurve.capletVol,financepy.market.volatility.FinlborCapVolCurve.capVol,financepy.market.volatility.FinlborCapVolCurveFn,financepy.market.volatility.FinlborCapVolCurveFn.capFloorletVol
carter,financepy.market.volatility.FinEquityVolCurve,financepy.market.volatility.FinFXVolSurface,financepy.market.volatility.FinFXVolSurface.volFunction,financepy.market.volatility.FinFXVolSurface.buildVolSurface,financepy.market.volatility.FinFXVolSurface.plotVolCurves,financepy.market.volatility.FinlborCapVolCurve,financepy.market.volatility.FinlborCapVolCurve.capletVol,financepy.market.volatility.FinlborCapVolCurve.capVol,financepy.market.volatility.FinlborCapVolCurveFn,financepy.market.volatility.FinlborCapVolCurveFn.capFloorletVol
album,financepy.market.volatility.FinEquityVolCurve,financepy.market.volatility.FinFXVolSurface,financepy.market.volatility.FinFXVolSurface.volFunction,financepy.market.volatility.FinFXVolSurface.buildVolSurface,financepy.market.volatility.FinFXVolSurface.plotVolCurves,financepy.market.volatility.FinlborCapVolCurve,financepy.market.volatility.FinlborCapVolCurve.capletVol,financepy.market.volatility.FinlborCapVolCurve.capVol,financepy.market.volatility.FinlborCapVolCurveFn,financepy.market.volatility.FinlborCapVolCurveFn.capFloorletVol
kane,financepy.market.volatility.FinEquityVolCurve,financepy.market.volatility.FinFXVolSurface,financepy.market.volatility.FinFXVolSurface.volFunction,financepy.market.volatility.FinFXVolSurface.buildVolSurface,financepy.market.volatility.FinFXVolSurface.plotVolCurves,financepy.market.volatility.FinlborCapVolCurve,financepy.market.volatility.FinlborCapVolCurve.capletVol,financepy.market.volatility.FinlborCapVolCurve.capVol,financepy.market.volatility.FinlborCapVolCurveFn,financepy.market.volatility.FinlborCapVolCurveFn.capFloorletVol
knopf,financepy.market.volatility.FinEquityVolCurve,financepy.market.volatility.FinFXVolSurface,financepy.market.volatility.FinFXVolSurface.volFunction,financepy.market.volatility.FinFXVolSurface.buildVolSurface,financepy.market.volatility.FinFXVolSurface.plotVolCurves,financepy.market.volatility.FinlborCapVolCurve,financepy.market.volatility.FinlborCapVolCurve.capletVol,financepy.market.volatility.FinlborCapVolCurve.capVol,financepy.market.volatility.FinlborCapVolCurveFn,financepy.market.volatility.FinlborCapVolCurveFn.capFloorletVol
chronicle,financepy.market.volatility.FinEquityVolCurve,financepy.market.volatility.FinFXVolSurface,financepy.market.volatility.FinFXVolSurface.volFunction,financepy.market.volatility.FinFXVolSurface.buildVolSurface,financepy.market.volatility.FinFXVolSurface.plotVolCurves,financepy.market.volatility.FinlborCapVolCurve,financepy.market.volatility.FinlborCapVolCurve.capletVol,financepy.market.volatility.FinlborCapVolCurve.capVol,financepy.market.volatility.FinlborCapVolCurveFn,financepy.market.volatility.FinlborCapVolCurveFn.capFloorletVol
volatility,financepy.market.volatility.FinEquityVolCurve.volatility
swing,financepy.market.volatility.FinEquityVolCurve.volatility
imply_volatility,financepy.market.volatility.FinEquityVolCurve.volatility,financepy.market.volatility.FinFXVolSurface.solveForSmileStrike
ulcer,financepy.market.volatility.FinEquityVolCurve.volatility
volatile,financepy.market.volatility.FinEquityVolCurve.volatility
downside_risk,financepy.market.volatility.FinEquityVolCurve.volatility
pdf,financepy.market.volatility.FinEquityVolCurve.calculatePDF
edu,financepy.market.volatility.FinEquityVolCurve.calculatePDF
download,financepy.market.volatility.FinEquityVolCurve.calculatePDF
requester,financepy.market.volatility.FinEquityVolCurve.calculatePDF
javascript,financepy.market.volatility.FinEquityVolCurve.calculatePDF
fafsacaster,financepy.market.volatility.FinEquityVolCurve.calculatePDF
surface,financepy.market.volatility.FinFXVolSurface,financepy.market.volatility.FinFXVolSurface.buildVolSurface
wellbore,financepy.market.volatility.FinFXVolSurface,financepy.market.volatility.FinFXVolSurface.buildVolSurface
counterintuitive,financepy.market.volatility.FinFXVolSurface,financepy.market.volatility.FinFXVolSurface.buildVolSurface
viscosity,financepy.market.volatility.FinFXVolSurface,financepy.market.volatility.FinFXVolSurface.buildVolSurface
wellbores,financepy.market.volatility.FinFXVolSurface,financepy.market.volatility.FinFXVolSurface.buildVolSurface
overflow,financepy.market.volatility.FinFXVolSurface,financepy.market.volatility.FinFXVolSurface.buildVolSurface
fx,financepy.market.volatility.FinFXVolSurface
build,financepy.market.volatility.FinFXVolSurface.buildVolSurface
construct,financepy.market.volatility.FinFXVolSurface.buildVolSurface
create,financepy.market.volatility.FinFXVolSurface.buildVolSurface
develop,financepy.market.volatility.FinFXVolSurface.buildVolSurface
rebuild,financepy.market.volatility.FinFXVolSurface.buildVolSurface
for,financepy.market.volatility.FinFXVolSurface.solveForSmileStrike
smile,financepy.market.volatility.FinFXVolSurface.solveForSmileStrike
implied_volatility,financepy.market.volatility.FinFXVolSurface.solveForSmileStrike
heston,financepy.market.volatility.FinFXVolSurface.solveForSmileStrike
otm,financepy.market.volatility.FinFXVolSurface.solveForSmileStrike
greek,financepy.market.volatility.FinFXVolSurface.solveForSmileStrike
strike,financepy.market.volatility.FinFXVolSurface.solveForSmileStrike
strike_price,financepy.market.volatility.FinFXVolSurface.solveForSmileStrike
unofficial,financepy.market.volatility.FinFXVolSurface.solveForSmileStrike
option_strike,financepy.market.volatility.FinFXVolSurface.solveForSmileStrike
memphis,financepy.market.volatility.FinFXVolSurface.solveForSmileStrike
option_expire,financepy.market.volatility.FinFXVolSurface.solveForSmileStrike
solve,financepy.market.volatility.FinFXVolSurface.solveForSmileStrike
tackle,financepy.market.volatility.FinFXVolSurface.solveForSmileStrike
solve_problem,financepy.market.volatility.FinFXVolSurface.solveForSmileStrike
underinvestment,financepy.market.volatility.FinFXVolSurface.solveForSmileStrike
spit,financepy.market.volatility.FinFXVolSurface.solveForSmileStrike
calibration,financepy.market.volatility.FinFXVolSurface.checkCalibration
axis,financepy.market.volatility.FinFXVolSurface.plotVolCurves
obj,financepy.market.volatility.FinFXVolSurface.obj
delta,financepy.market.volatility.FinFXVolSurface.deltaFit
gamma,financepy.market.volatility.FinFXVolSurface.deltaFit
delta_neutral,financepy.market.volatility.FinFXVolSurface.deltaFit
theta,financepy.market.volatility.FinFXVolSurface.deltaFit
lambda,financepy.market.volatility.FinFXVolSurface.deltaFit
zomma,financepy.market.volatility.FinFXVolSurface.deltaFit
ductwork,financepy.market.volatility.FinlborCapVolCurve,financepy.market.volatility.FinlborCapVolCurve.capVol,financepy.market.volatility.FinlborCapVolCurveFn,financepy.market.volatility.FinlborCapVolCurveFn.capFloorletVol
ceiling,financepy.market.volatility.FinlborCapVolCurve,financepy.market.volatility.FinlborCapVolCurve.capVol,financepy.market.volatility.FinlborCapVolCurveFn,financepy.market.volatility.FinlborCapVolCurveFn.capFloorletVol
finlbor,financepy.market.volatility.FinlborCapVolCurve,financepy.market.volatility.FinlborCapVolCurveFn
caplet,financepy.market.volatility.FinlborCapVolCurve.generateCapletVols,financepy.market.volatility.FinlborCapVolCurve.capletVol
vols,financepy.market.volatility.FinlborCapVolCurve.generateCapletVols
generate,financepy.market.volatility.FinlborCapVolCurve.generateCapletVols
generates,financepy.market.volatility.FinlborCapVolCurve.generateCapletVols
profit,financepy.market.volatility.FinlborCapVolCurve.generateCapletVols
produce,financepy.market.volatility.FinlborCapVolCurve.generateCapletVols
earn,financepy.market.volatility.FinlborCapVolCurve.generateCapletVols
revenue,financepy.market.volatility.FinlborCapVolCurve.generateCapletVols
fn,financepy.market.volatility.FinlborCapVolCurveFn
floorlet,financepy.market.volatility.FinlborCapVolCurveFn.capFloorletVol
